File Name,Hc_block_mean,Hc_block_median,Hc_block_std,Hc_block_var,Cond_hc_block_mean,Cond_hc_block_std,Cond_hc_block_median,Cond_hc_block_var,Goto_hc_block_mean,Goto_hc_block_std,Goto_hc_block_median,Goto_hc_block_var,Hc_fun_mean,Hc_fun_median,Hc_fun_std,Hc_fun_var,Per_blocks_in_loop,Cond_block_num,Goto_block_num
org/apache/tika/ResourceLoggingClassLoader.java,1.7272727272727273,1.0,1.656442468935327,2.7438016528925617,2.0,2.0,2.0,4.0,0,0,0,0,1.5,1.0,1.5,2.25,0.09090909090909091,2,0
org/apache/tika/TestParsers.java,1.826086956521739,1.0,2.4961217555490998,6.230623818525519,2.1666666666666665,2.1147629234082532,1.0,4.472222222222222,2.0,3.03315017762062,1.0,9.2,2.857142857142857,1.0,2.4743582965269675,6.1224489795918355,0.13043478260869565,6,5
org/apache/tika/TestRereadableInputStream.java,2.96875,2.0,3.2928366855190374,10.8427734375,2.142857142857143,1.6413036132965795,2.0,2.693877551020408,6.333333333333333,5.2493385826745405,4.0,27.555555555555557,3.090909090909091,3.0,1.6762808104168887,2.809917355371901,0.1875,7,6
org/apache/tika/TikaDetectionTest.java,1.0,1.0,0.0,0.0,0.0,0.0,0.0,0.0,0,0,0,0,1.0,1.0,0.0,0.0,0.0,0,0
org/apache/tika/TikaIT.java,0.0,0.0,0.0,0.0,0.0,0.0,0.0,0.0,0,0,0,0,0.0,0.0,0.0,0.0,0.0,0,0
org/apache/tika/TikaTest.java,84.27586206896552,24.0,182.90998286357524,33456.06183115339,110.25,105.86872767725133,83.0,11208.1875,110.0,0.0,110.0,0.0,191.1,89.0,271.82547709881794,73889.09,0.10344827586206896,4,1
org/apache/tika/TypeDetectionBenchmark.java,0.0,0.0,0.0,0.0,0.0,0.0,0.0,0.0,0.0,0.0,0.0,0.0,0.0,0.0,0.0,0.0,0.0,7,7
org/apache/tika/config/LoadErrorHandler.java,14.0,7.0,23.065125189341593,532.0,0.0,0.0,0.0,0.0,0,0,0,0,14.0,7.0,23.065125189341593,532.0,0.0,0,0
org/apache/tika/config/ServiceLoader.java,29780.220588235294,70.0,87841.30544738813,7716094942.701341,64912.625,160382.0380442722,20510.5,25722398127.234375,56599.125,64464.70953831542,18792.5,4155698775.859375,13399.0,127.0,17334.243489936936,300475997.3684211,0.11764705882352941,16,8
org/apache/tika/config/TikaActivator.java,0.0,0.0,0.0,0.0,0.0,0.0,0.0,0.0,0,0,0,0,0.0,0.0,0.0,0.0,0.0,1,0
org/apache/tika/config/TikaConfig.java,128.15503875968992,3.0,255.24839549905786,65151.74340484346,146.02777777777777,275.20724373855575,9.0,75739.02700617282,118.0,232.20579108145583,5.0,53919.529411764706,338.85,160.0,366.5908175336638,134388.82749999998,0.17054263565891473,36,17
org/apache/tika/config/TikaParserConfigTest.java,27.11111111111111,1.0,54.647919097879615,2986.3950617283954,56.625,83.61061161718649,24.5,6990.734375,22.333333333333332,32.77024395528494,1.0,1073.888888888889,1.8571428571428572,1.0,0.989743318610787,0.9795918367346939,0.2962962962962963,8,6
org/apache/tika/detect/AutoDetectReader.java,17119.909090909092,17141.5,17091.4110139064,292116330.446281,20586.0,16808.784703243717,34206.0,282535243.2,156.0,156.0,156.0,24336.0,27318.2,34204.0,13657.40157423805,186524617.76,0.045454545454545456,5,2
org/apache/tika/detect/CompositeDetector.java,2489.4,2651.0,2208.06853154516,4875566.640000001,5448.5,2793.5,5448.5,7803642.25,2651.0,0.0,2651.0,0.0,2014.6666666666667,2655.0,910.5223165243611,829050.888888889,0.1,2,1
org/apache/tika/detect/DefaultDetector.java,1126.25,725.0,1118.134020366074,1250223.6875,2506.0,303.5303389558722,2660.0,92130.66666666667,0,0,0,0,1522.2,725.0,977.0554539021826,954637.3600000001,0.0,3,0
org/apache/tika/detect/EmptyDetector.java,0.0,0.0,0.0,0.0,0.0,0.0,0.0,0.0,0,0,0,0,0.0,0.0,0.0,0.0,0.0,0,0
org/apache/tika/detect/MagicDetector.java,5208510.404109589,1827.5,20033352.39173366,401335208051380.75,5393426.206349206,20323559.618650213,6831.0,413047075572829.6,4783223.285714285,19329825.77411646,324.0,373642164457697.0,147546.125,7323.0,345741.42898213596,119537135714.60938,0.2465753424657534,63,35
org/apache/tika/detect/MagicDetectorTest.java,79.3913043478261,1.0,334.73269531925024,112045.97731569002,21.0,19.0,21.0,361.0,574.3333333333334,759.1997248565242,40.0,576384.2222222221,4.3076923076923075,1.0,9.109459288053824,82.98224852071007,0.17391304347826086,2,3
org/apache/tika/detect/NameDetector.java,8.75,2.0,8.73999427917433,76.3875,12.11111111111111,9.82564043085962,18.0,96.54320987654322,7.0,6.0,7.0,36.0,11.0,11.0,10.0,100.0,0.05,9,2
org/apache/tika/detect/NameDetectorTest.java,2.875,0.5,6.489173676208705,42.109375,0.0,0.0,0.0,0.0,10.5,9.5,10.5,90.25,5.75,1.0,8.227241335952167,67.6875,0.0,0,2
org/apache/tika/detect/TestContainerAwareDetector.java,4086.627450980392,1.0,28839.975749194873,831744201.2141484,33.5,37.178622890042604,17.5,1382.25,1.0,1.247219128924647,1.0,1.5555555555555556,8329.88,1.0,40760.76420512255,1661439898.5856,0.0196078431372549,4,9
org/apache/tika/detect/TextDetector.java,203.5,19.5,313.1701386056559,98075.53571428571,286.0,338.8362436340009,232.0,114810.0,931.0,0.0,931.0,0.0,80.33333333333333,5.0,107.95472301952437,11654.222222222224,0.21428571428571427,5,1
org/apache/tika/detect/TextDetectorTest.java,161.46153846153845,1.0,550.088470560679,302597.325443787,6.0,0.0,6.0,0.0,693.6666666666666,971.0936560851836,8.0,943022.888888889,3.3333333333333335,2.0,2.748737083745107,7.5555555555555545,0.07692307692307693,1,3
org/apache/tika/detect/TextStatistics.java,35141.325,29.0,206021.70424889552,42444942621.61938,507.93333333333334,547.7928400002646,463.0,300076.99555555556,231394.33333333334,487495.0398310622,262.5,237651413859.88892,399.09090909090907,26.0,540.5810770147677,292227.9008264463,0.1,15,6
org/apache/tika/detect/TypeDetector.java,15.4,21.0,9.478396488858229,89.84,24.0,1.0,24.0,1.0,0,0,0,0,15.5,15.5,9.5,90.25,0.0,2,0
org/apache/tika/detect/TypeDetectorTest.java,1.375,0.5,2.54644359843292,6.484375,0.0,0.0,0.0,0.0,4.5,3.5,4.5,12.25,2.75,1.0,3.031088913245535,9.1875,0.0,0,2
org/apache/tika/detect/XmlRootExtractor.java,197.63636363636363,251.0,95.7318914538009,9164.595041322316,0.0,0.0,0.0,0.0,125.5,125.5,125.5,15750.25,236.83333333333334,251.0,28.66133671380702,821.4722222222223,0.2727272727272727,0,2
org/apache/tika/embedder/ExternalEmbedder.java,0.0,0.0,0.0,0.0,0.0,0.0,0.0,0.0,0.0,0.0,0.0,0.0,0.0,0.0,0.0,0.0,0.0,0,1
org/apache/tika/exception/AccessPermissionException.java,2.25,0.0,3.897114317029974,15.1875,0.0,0.0,0.0,0.0,0,0,0,0,0.0,0.0,0.0,0.0,0.25,0,0
org/apache/tika/exception/EncryptedDocumentException.java,7.25,2.0,10.37725879025863,107.6875,0.0,0.0,0.0,0.0,0,0,0,0,4.0,4.0,0.0,0.0,0.25,0,0
org/apache/tika/exception/TikaException.java,83.5,83.5,11.5,132.25,0.0,0.0,0.0,0.0,0,0,0,0,95.0,95.0,0.0,0.0,0.0,0,0
org/apache/tika/extractor/ParserContainerExtractor.java,97.35,18.5,116.74214106311396,13628.727499999999,284.0,0.0,284.0,0.0,188.5,68.88214572732183,209.0,4744.75,157.44444444444446,261.0,127.07487828582809,16148.024691358025,0.05,1,4
org/apache/tika/fork/ClassLoaderProxy.java,0.85,0.0,3.7050641020095725,13.727500000000001,0.0,0.0,0.0,0.0,0.0,0.0,0.0,0.0,2.8333333333333335,0.0,6.335525936249403,40.13888888888888,0.0,5,2
org/apache/tika/fork/ClassLoaderResource.java,754.0555555555555,16.0,936.4034904428647,876851.4969135802,1157.8,937.6095989269735,1913.0,879111.76,1165.8,944.9307699508996,1911.0,892894.1599999999,1286.6666666666667,1913.0,897.8167345783264,806074.888888889,0.05555555555555555,5,5
org/apache/tika/fork/ContentHandlerProxy.java,0.8421052631578947,0.0,5.122326341303765,26.238227146814417,0.0,0.0,0.0,0.0,0.0,0.0,0.0,0.0,1.8823529411764706,0.0,7.529411764705883,56.69204152249136,0.0,4,8
org/apache/tika/fork/ContentHandlerResource.java,392.8,208.0,539.1477825499902,290680.3314285715,525.2857142857143,506.14557879998864,302.0,256183.34693877553,245.36363636363637,474.93181763802545,79.0,225560.23140495864,804.6,838.0,679.9969411695909,462395.84,0.02857142857142857,14,11
org/apache/tika/fork/ForkObjectInputStream.java,43.0,4.5,68.76408946535975,4728.5,0.0,0.0,0.0,0.0,0,0,0,0,43.0,4.5,68.76408946535975,4728.5,0.0,0,0
org/apache/tika/fork/ForkParser.java,10.117647058823529,1.0,13.031856982964943,169.82929642445214,19.9375,13.040651584564323,27.5,170.05859375,14.5,13.487648670790126,11.5,181.91666666666666,10.636363636363637,2.0,13.472346945926123,181.50413223140495,0.0196078431372549,16,6
org/apache/tika/fork/ForkParserTest.java,2.380952380952381,1.0,3.251024607371102,10.569160997732428,1.0,0.0,1.0,0.0,5.0,3.872983346207417,5.0,15.0,3.8461538461538463,4.0,3.1585331027150474,9.976331360946745,0.11904761904761904,5,12
org/apache/tika/fork/ForkServer.java,0.0,0.0,0.0,0.0,0.0,0.0,0.0,0.0,0.0,0.0,0.0,0.0,0.0,0.0,0.0,0.0,0.0,10,13
org/apache/tika/fork/ForkTestParser.java,1.3333333333333333,0.0,1.8856180831641267,3.555555555555556,0.0,0.0,0.0,0.0,0,0,0,0,1.3333333333333333,0.0,1.8856180831641267,3.555555555555556,0.0,0,0
org/apache/tika/fork/InputStreamProxy.java,4.0,0.0,10.583005244258363,112.0,0.0,0.0,0.0,0.0,0,0,0,0,10.666666666666666,0.0,15.084944665313014,227.55555555555557,0.0,2,0
org/apache/tika/fork/InputStreamResource.java,15.0,6.0,17.61628034896508,310.3333333333333,0.0,0.0,0.0,0.0,46.0,0.0,46.0,0.0,39.0,39.0,7.0,49.0,0.0,1,1
org/apache/tika/fork/MemoryURLConnection.java,0.0,0.0,0.0,0.0,0.0,0.0,0.0,0.0,0,0,0,0,0.0,0.0,0.0,0.0,0.0,0,0
org/apache/tika/fork/MemoryURLStreamHandler.java,0.0,0.0,0.0,0.0,0.0,0.0,0.0,0.0,0.0,0.0,0.0,0.0,0.0,0.0,0.0,0.0,0.0,3,2
org/apache/tika/fork/MemoryURLStreamHandlerFactory.java,0.0,0.0,0.0,0.0,0.0,0.0,0.0,0.0,0,0,0,0,0.0,0.0,0.0,0.0,0.0,1,0
org/apache/tika/fork/MemoryURLStreamRecord.java,0.0,0.0,0.0,0.0,0.0,0.0,0.0,0.0,0,0,0,0,0.0,0.0,0.0,0.0,0.0,0,0
org/apache/tika/fork/MetadataContentHandler.java,93.5,67.0,67.63320190557297,4574.25,208.0,0.0,208.0,0.0,0,0,0,0,120.0,120.0,88.0,7744.0,0.0,1,0
org/apache/tika/io/CloseShieldInputStream.java,35443.0,35443.0,590.0,348100.0,0.0,0.0,0.0,0.0,0,0,0,0,35443.0,35443.0,590.0,348100.0,0.0,0,0
org/apache/tika/io/ClosedInputStream.java,17495.5,17495.5,17426.5,303682902.25,0.0,0.0,0.0,0.0,0,0,0,0,17495.5,17495.5,17426.5,303682902.25,0.0,0,0
org/apache/tika/io/CountingInputStream.java,0.0,0.0,0.0,0.0,0.0,0.0,0.0,0.0,0.0,0.0,0.0,0.0,0.0,0.0,0.0,0.0,0.0,5,3
org/apache/tika/io/EndianUtils.java,25.86,0.0,81.78239663888554,6688.360399999998,59.111111111111114,126.2655442087072,15.0,15942.98765432099,46.0,52.38320341483518,12.0,2744.0,25.227272727272727,0.0,85.88836931430865,7376.811983471075,0.04,9,3
org/apache/tika/io/EndianUtilsTest.java,1.0,1.0,0.0,0.0,0.0,0.0,0.0,0.0,0,0,0,0,1.0,1.0,0.0,0.0,0.0,0,0
org/apache/tika/io/FilenameUtils.java,132.125,32.0,155.69824247027753,24241.942708333332,187.77777777777777,152.06561286919523,277.0,23123.950617283954,172.25,162.66895063287276,128.0,26461.1875,79.25,19.5,115.41961488412618,13321.6875,0.20833333333333334,9,4
org/apache/tika/io/FilenameUtilsTest.java,2.4615384615384617,1.0,3.1284152934865777,9.78698224852071,1.0,0.0,1.0,0.0,2.5,1.5,2.5,2.25,3.0,1.0,3.774917217635375,14.25,0.07692307692307693,1,2
org/apache/tika/io/IOExceptionWithCause.java,0.6,0.0,1.2000000000000002,1.4400000000000002,0.0,0.0,0.0,0.0,0.0,0.0,0.0,0.0,3.0,3.0,0.0,0.0,0.0,1,1
org/apache/tika/io/IOUtils.java,246.8176100628931,0.0,2324.2829038325735,5402291.017048381,71.6590909090909,205.68709059038486,0.0,42307.17923553719,1651.2631578947369,6536.254962189581,0.0,42722628.930747926,159.8,7.0,300.96803817016854,90581.76000000002,0.09433962264150944,44,19
org/apache/tika/io/LookaheadInputStream.java,5.208333333333333,5.0,4.9157838190420415,24.164930555555557,7.75,5.0682837331783235,6.0,25.6875,3.0,0.0,3.0,0.0,7.333333333333333,6.0,6.4635731432217725,41.777777777777786,0.0,8,1
org/apache/tika/io/LookaheadInputStreamTest.java,1.7142857142857142,1.0,1.7496355305594131,3.061224489795919,0.0,0.0,0.0,0.0,0,0,0,0,1.7142857142857142,1.0,1.7496355305594131,3.061224489795919,0.0,0,0
org/apache/tika/io/NullInputStream.java,64.47826086956522,0.0,207.24316101690732,42949.72778827977,147.2,294.40000000000003,0.0,86671.36000000002,0,0,0,0,57.23076923076923,0.0,195.95531431196397,38398.48520710059,0.10869565217391304,15,0
org/apache/tika/io/NullOutputStream.java,0.0,0.0,0.0,0.0,0.0,0.0,0.0,0.0,0,0,0,0,0.0,0.0,0.0,0.0,0.0,0,0
org/apache/tika/io/ProxyInputStream.java,1684928.08,131.0,4496959.694772991,20222646496412.797,13804814.0,0.0,13804814.0,0.0,4604117.333333333,6505782.420091701,7670.0,42325204897574.23,2558853.727272727,7670.0,5342113.353259195,28538175079070.2,0.0,1,3
org/apache/tika/io/TaggedIOException.java,0.75,0.0,1.299038105676658,1.6875,0.0,0.0,0.0,0.0,0,0,0,0,1.0,0.0,1.4142135623730951,2.0,0.0,0,0
org/apache/tika/io/TaggedInputStream.java,221.23076923076923,0.0,751.6738402593093,565013.5621301775,6.25,9.705024471890836,1.0,94.1875,0,0,0,0,475.5,2.5,1050.7588924201402,1104094.25,0.0,4,0
org/apache/tika/io/TaggedInputStreamTest.java,0.4,0.0,0.4898979485566357,0.24000000000000007,0.3333333333333333,0.4714045207910317,0.0,0.22222222222222224,0.3333333333333333,0.47140452079103173,0.0,0.2222222222222223,1.0,1.0,0.0,0.0,0.0,3,6
org/apache/tika/io/TailStream.java,729.6,625.0,1039.9145898994368,1081422.354285714,1042.2727272727273,1197.094519767006,627.0,1433035.2892561986,319.3333333333333,254.90433935541822,332.0,64976.22222222222,961.5,479.0,1308.6616254784885,1712595.25,0.05714285714285714,11,3
org/apache/tika/io/TailStreamTest.java,40.54545454545455,2.5,110.93393909428804,12306.338842975207,6.666666666666667,6.018490028422596,4.0,36.22222222222222,268.6666666666667,172.6891877204695,165.0,29821.55555555556,3.5384615384615383,1.0,4.3785382986946795,19.171597633136095,0.13636363636363635,3,3
org/apache/tika/io/TemporaryResources.java,1785.5185185185185,0.0,3094.3261980643597,9574854.620027436,2906.0,3888.6876963829327,322.0,15121892.0,2293.75,2692.6388891754495,1296.5,7250304.1875,3131.1111111111113,654.0,3467.9550312490255,12026712.098765431,0.0,6,4
org/apache/tika/io/TikaInputStream.java,648441.4565217391,204.5,2573205.043511865,6621384195954.9,721417.6538461539,2760533.884864497,354.5,7620547329485.072,38752.0,101557.64365127817,186.5,10313954984.0,1004056.9565217391,1114.0,3001441.58802813,9008651606344.824,0.043478260869565216,26,8
org/apache/tika/io/TikaInputStreamTest.java,0.9285714285714286,1.0,0.9609731462195507,0.9234693877551018,1.0,0.0,1.0,0.0,1.0,0.0,1.0,0.0,1.5714285714285714,1.0,0.9035079029052513,0.8163265306122449,0.0,2,2
org/apache/tika/language/LanguageIdentifier.java,20786.270833333332,7.0,60577.67333959888,3669654507.2391486,36676.72727272727,77004.31018998034,106.0,5929663787.834711,39533.2,78915.98826955156,11.0,6227733204.559999,50.0,9.0,63.78372548200392,4068.3636363636365,0.22916666666666666,11,10
org/apache/tika/language/LanguageIdentifierTest.java,21.622222222222224,1.0,43.85343715853165,1923.1239506172844,25.357142857142858,44.70795254099838,0.5,1998.8010204081634,43.77777777777778,63.93360753812901,10.0,4087.5061728395067,23.0,1.0,60.47221584239235,3656.8888888888887,0.3111111111111111,14,9
org/apache/tika/language/LanguageProfile.java,3498913.612244898,5966.0,7972543.318881342,63561446971439.52,4071708.2083333335,6713346.053150743,223213.0,45069015229354.664,4026555.0833333335,7385438.836244629,733638.5,54544706803910.414,5311696.6486486485,5966.0,11141565.119037516,124134473301753.45,0.25510204081632654,24,12
org/apache/tika/language/LanguageProfileTest.java,0.45454545454545453,0.0,0.49792959773196915,0.2479338842975206,0.3333333333333333,0.4714045207910317,0.0,0.22222222222222224,1.0,0.0,1.0,0.0,1.0,1.0,0.0,0.0,0.0,3,3
org/apache/tika/language/LanguageProfilerBuilder.java,54289.98701298701,0.0,140838.7888601618,19835564447.597233,82911.62790697675,179109.9001052762,3.0,32080356315.722015,42524.125,119860.8927605638,0.0,14366633613.359375,72563.63157894737,3.0,153020.1773851067,23415174686.969524,0.16883116883116883,43,24
org/apache/tika/language/LanguageProfilerBuilderTest.java,264.05263157894734,2.0,440.0523262766553,193646.0498614959,401.2,489.73478536857067,2.0,239840.15999999997,667.3333333333334,470.46171174944965,1000.0,221334.22222222225,1.6,2.0,0.4898979485566356,0.24,0.2631578947368421,5,3
org/apache/tika/language/ProfilingHandler.java,0.6,1.0,0.48989794855663565,0.24000000000000005,0.0,0.0,0.0,0.0,0,0,0,0,0.6666666666666666,1.0,0.4714045207910317,0.22222222222222224,0.0,0,0
org/apache/tika/language/ProfilingWriter.java,1388659.7647058824,854057.0,1757728.634651701,3089609953074.533,3033793.6666666665,2144349.1615071045,4550077.0,4598233326456.222,2275038.5,1420981.5,2275038.5,2019188423342.25,675697.0,106.0,1490809.1306622722,2222511864066.0,0.29411764705882354,3,2
org/apache/tika/language/ProfilingWriterTest.java,1.0,1.0,0.0,0.0,0.0,0.0,0.0,0.0,0,0,0,0,1.0,1.0,0.0,0.0,0.0,0,0
org/apache/tika/language/translate/DefaultTranslator.java,54.5,0.0,180.75605107436928,32672.75,0.0,0.0,0.0,0.0,0,0,0,0,109.0,0.0,243.73140954747709,59405.0,0.0,2,0
org/apache/tika/metadata/AccessPermissions.java,1.0,1.0,0.0,0.0,0.0,0.0,0.0,0.0,0,0,0,0,1.0,1.0,0.0,0.0,0.0,0,0
org/apache/tika/metadata/Database.java,1.0,1.0,0.0,0.0,0.0,0.0,0.0,0.0,0,0,0,0,1.0,1.0,0.0,0.0,0.0,0,0
org/apache/tika/metadata/DublinCore.java,8.0,8.0,0.0,0.0,0.0,0.0,0.0,0.0,0,0,0,0,8.0,8.0,0.0,0.0,0.0,0,0
org/apache/tika/metadata/Geographic.java,8.0,8.0,0.0,0.0,0.0,0.0,0.0,0.0,0,0,0,0,8.0,8.0,0.0,0.0,0.0,0,0
org/apache/tika/metadata/HttpHeaders.java,4.0,4.0,0.0,0.0,0.0,0.0,0.0,0.0,0,0,0,0,4.0,4.0,0.0,0.0,0.0,0,0
org/apache/tika/metadata/IPTC.java,1.0,1.0,0.0,0.0,0.0,0.0,0.0,0.0,0,0,0,0,1.0,1.0,0.0,0.0,0.0,0,0
org/apache/tika/metadata/MSOffice.java,8.0,8.0,0.0,0.0,0.0,0.0,0.0,0.0,0,0,0,0,8.0,8.0,0.0,0.0,0.0,0,0
org/apache/tika/metadata/Metadata.java,40934.38129496403,46.0,136162.767298532,18540299198.39418,47324.22448979592,128111.93583439177,72.0,16412668103.235313,41637.94117647059,98667.26468017204,212.0,9735229119.467125,146761.2105263158,57.0,292820.4402156054,85743810208.06096,0.1079136690647482,49,17
org/apache/tika/metadata/Office.java,8.0,8.0,0.0,0.0,0.0,0.0,0.0,0.0,0,0,0,0,8.0,8.0,0.0,0.0,0.0,0,0
org/apache/tika/metadata/OfficeOpenXMLCore.java,8.0,8.0,0.0,0.0,0.0,0.0,0.0,0.0,0,0,0,0,8.0,8.0,0.0,0.0,0.0,0,0
org/apache/tika/metadata/OfficeOpenXMLExtended.java,8.0,8.0,0.0,0.0,0.0,0.0,0.0,0.0,0,0,0,0,8.0,8.0,0.0,0.0,0.0,0,0
org/apache/tika/metadata/PagedText.java,4.0,4.0,0.0,0.0,0.0,0.0,0.0,0.0,0,0,0,0,4.0,4.0,0.0,0.0,0.0,0,0
org/apache/tika/metadata/Photoshop.java,1.0,1.0,0.0,0.0,0.0,0.0,0.0,0.0,0,0,0,0,1.0,1.0,0.0,0.0,0.0,0,0
org/apache/tika/metadata/Property.java,5151.582417582417,19.0,25417.349035677362,646041632.001449,501.6111111111111,565.2157050276262,195.0,319468.7932098766,223.75,415.12490590182614,14.5,172328.6875,9907.391304347826,18.5,35101.171843734825,1232092264.8034022,0.03296703296703297,18,8
org/apache/tika/metadata/PropertyTypeException.java,2.857142857142857,2.0,1.958758457257441,3.8367346938775504,4.0,0.0,4.0,0.0,3.0,0.0,3.0,0.0,7.0,7.0,0.0,0.0,0.0,1,1
org/apache/tika/metadata/RTFMetadata.java,1.0,1.0,0.0,0.0,0.0,0.0,0.0,0.0,0,0,0,0,1.0,1.0,0.0,0.0,0.0,0,0
org/apache/tika/metadata/TIFF.java,2.0,2.0,0.0,0.0,0.0,0.0,0.0,0.0,0,0,0,0,2.0,2.0,0.0,0.0,0.0,0,0
org/apache/tika/metadata/TestMetadata.java,1.4782608695652173,1.0,2.243242319915553,5.032136105860112,0.0,0.0,0.0,0.0,1.0,0.0,1.0,0.0,1.8461538461538463,1.0,2.9311629051165617,8.591715976331361,0.0,0,5
org/apache/tika/metadata/TikaCoreProperties.java,6.4,8.0,5.986651818838307,35.84,0.0,0.0,0.0,0.0,0,0,0,0,6.4,8.0,5.986651818838307,35.84,0.0,0,0
org/apache/tika/metadata/XMP.java,8.0,8.0,0.0,0.0,0.0,0.0,0.0,0.0,0,0,0,0,8.0,8.0,0.0,0.0,0.0,0,0
org/apache/tika/metadata/XMPDM.java,0.6956521739130435,0.0,0.9057681154782461,0.8204158790170134,1.2,0.9797958971132712,2.0,0.96,0,0,0,0,1.2,1.0,0.7483314773547883,0.56,0.0,10,0
org/apache/tika/metadata/XMPIdq.java,0.0,0.0,0.0,0.0,0.0,0.0,0.0,0.0,0,0,0,0,0.0,0.0,0.0,0.0,0.0,0,0
org/apache/tika/metadata/XMPMM.java,0.0,0.0,0.0,0.0,0.0,0.0,0.0,0.0,0,0,0,0,0.0,0.0,0.0,0.0,0.0,0,0
org/apache/tika/metadata/XMPRights.java,3.0,3.0,0.0,0.0,0.0,0.0,0.0,0.0,0,0,0,0,3.0,3.0,0.0,0.0,0.0,0,0
org/apache/tika/mime/AndClause.java,74098.33333333333,13661.0,88107.2504634109,7762887584.222222,138910.33333333334,88982.21650544688,195271.0,7917834854.222222,20121.5,6460.5,20121.5,41738060.25,52686.5,7191.5,82471.70715008875,6801582480.25,0.16666666666666666,3,2
org/apache/tika/mime/CustomReaderTest.java,5.454545454545454,2.0,6.638231368555886,44.066115702479344,16.0,2.8284271247461903,18.0,8.0,0,0,0,0,6.666666666666667,1.0,8.013876853447538,64.22222222222221,0.0,3,0
org/apache/tika/mime/HexCoDec.java,0.0,0.0,0.0,0.0,0.0,0.0,0.0,0.0,0.0,0.0,0.0,0.0,0.0,0.0,0.0,0.0,0.0,9,2
org/apache/tika/mime/Magic.java,77433.95454545454,3266.5,223506.01387952876,49954938240.3161,17600.5,19817.773098492507,8776.0,392744130.5833333,0.0,0.0,0.0,0.0,158189.1,27131.5,312542.5419271591,97682840514.29001,0.0,6,1
org/apache/tika/mime/MagicMatch.java,404376.2727272727,15215.0,508886.04760238825,258965009444.38016,1108001.5,49519.5,1108001.5,2452180880.25,15215.0,0.0,15215.0,0.0,466154.0,99039.0,526055.8258774442,276734731939.6,0.0,2,1
org/apache/tika/mime/MediaType.java,306510.81102362205,34023.0,1230568.1182266271,1514297893595.8223,408503.36,1353232.0147451991,39813.0,1831236885731.3506,72705.06666666667,178178.91390078183,13136.0,31747725358.862225,697295.9565217391,76389.0,2001341.0294743238,4005365916257.3467,0.2204724409448819,50,15
org/apache/tika/mime/MediaTypeRegistry.java,283339.54,2888.5,1353911.9891032241,1833077674237.4487,677115.7894736842,2129933.8993705777,14102.0,4536618415687.954,622.3333333333334,598.7099093513949,432.0,358453.5555555555,108499.91666666667,4471.5,338974.9784385416,114904036007.40971,0.12,19,3
org/apache/tika/mime/MediaTypeTest.java,1.375,1.0,1.6786030898736406,2.8177083333333335,1.4285714285714286,0.7284313590846835,1.0,0.5306122448979591,1.0,0.0,1.0,0.0,1.8,1.0,2.4000000000000004,5.760000000000001,0.08333333333333333,7,4
org/apache/tika/mime/MimeDetectionTest.java,22.857142857142858,1.0,44.266816244317404,1959.5510204081631,60.0,59.0,60.0,3481.0,50.0,50.0,50.0,2500.0,27.0,1.0,47.74485761389836,2279.5714285714284,0.047619047619047616,2,2
org/apache/tika/mime/MimeType.java,3593.139534883721,134.0,8036.413476291857,64583941.56192537,3224.1454545454544,6399.22064975865,135.0,40950024.92429753,2388.0,3483.128888965043,258.0,12132186.857142856,5931.527777777777,570.0,11175.586426288806,124893731.9714506,0.15503875968992248,55,7
org/apache/tika/mime/MimeTypeException.java,39.5,39.5,39.5,1560.25,0.0,0.0,0.0,0.0,0,0,0,0,79.0,79.0,0.0,0.0,0.0,0,0
org/apache/tika/mime/MimeTypeTest.java,1.2352941176470589,1.0,0.6443794794178425,0.41522491349480967,0.0,0.0,0.0,0.0,1.0,0.0,1.0,0.0,1.8,1.0,0.9797958971132713,0.9600000000000002,0.0,0,6
org/apache/tika/mime/MimeTypesFactory.java,7.64,4.0,8.351670491584303,69.75039999999998,9.6,4.8,12.0,23.04,18.75,10.825317547305483,25.0,117.1875,0.0,0.0,0.0,0.0,0.56,5,4
org/apache/tika/mime/MimeTypesReader.java,11147.057971014492,2908.0,16148.873013026085,260786099.59084216,24745.69230769231,18779.27226158022,25912.0,352661066.6745562,3855.2,5849.037926018261,633.0,34211244.66,20701.7,3945.5,26997.306332484357,728854549.21,0.0,26,20
org/apache/tika/mime/MimeTypesTest.java,0.7368421052631579,1.0,1.1164843913471802,1.2465373961218837,0.1111111111111111,0.31426968052735443,0.0,0.09876543209876543,1.0,0.0,1.0,0.0,2.142857142857143,1.0,1.8070158058105028,3.2653061224489806,0.0,9,11
org/apache/tika/mime/OrClause.java,1224.3333333333333,134.5,2120.6728230026956,4497253.222222222,755.0,967.9297495169781,113.0,936888.0,3863.5,3775.5,3863.5,14254400.25,616.0,156.0,871.6102913573244,759704.5,0.3333333333333333,3,2
org/apache/tika/mime/Patterns.java,2353.9864864864867,36.0,4850.951331866947,23531728.824141704,4058.030303030303,6071.349994577605,186.0,36861290.75665748,1655.0,4081.0828955070247,25.0,16655237.6,1677.2,48.5,4195.585580106786,17602938.36,0.2972972972972973,33,15
org/apache/tika/mime/PatternsTest.java,1.2352941176470589,1.0,1.0588235294117647,1.1211072664359862,1.0,0.0,1.0,0.0,1.0,0.0,1.0,0.0,2.0,1.0,1.4142135623730951,2.0,0.0,1,5
org/apache/tika/mime/TestMimeTypes.java,8.783783783783784,1.0,27.448364432280925,753.4127100073047,0.0,0.0,0.0,0.0,46.666666666666664,34.315529364349835,39.0,1177.5555555555557,9.553846153846154,1.0,29.101430453465166,846.8932544378697,0.013513513513513514,0,3
org/apache/tika/parser/AbstractParser.java,43955.5,43955.5,43933.5,1930152422.25,0.0,0.0,0.0,0.0,0,0,0,0,43955.5,43955.5,43933.5,1930152422.25,0.0,0,0
org/apache/tika/parser/AutoDetectParser.java,307.1875,62.5,457.4852755485689,209292.77734375,1358.0,0.0,1358.0,0.0,457.0,636.4149589693818,13.0,405024.0,604.0,511.0,508.78433545068975,258861.5,0.0625,1,3
org/apache/tika/parser/AutoDetectParserTest.java,69.5,1.0,111.13167865194875,12350.25,0.0,0.0,0.0,0.0,0,0,0,0,64.125,1.0,115.18836475529983,13268.359375,0.1,0,0
org/apache/tika/parser/CompositeParser.java,25954.486842105263,158.0,142335.65608656156,20259438993.59193,9182.761904761905,37269.13805959585,160.0,1388988651.7052157,93910.13333333333,301756.6303006153,158.0,91057063930.38222,873.5333333333333,160.0,1294.7023784981968,1676254.2488888884,0.25,21,15
org/apache/tika/parser/CompositeParserTest.java,1.2,1.0,0.6000000000000001,0.36000000000000004,0.0,0.0,0.0,0.0,0,0,0,0,1.2,1.0,0.6000000000000001,0.36000000000000004,0.0,0,0
org/apache/tika/parser/CryptoParser.java,0.0,0.0,0.0,0.0,0.0,0.0,0.0,0.0,0.0,0.0,0.0,0.0,0.0,0.0,0.0,0.0,0.0,6,5
org/apache/tika/parser/DefaultParser.java,18627.81818181818,653.0,42772.42372629224,1829480231.4214876,29101.8,50299.44829677558,2777.0,2530034498.96,0.0,0.0,0.0,0.0,26838.6,653.0,51315.793972616266,2633310711.04,0.0,5,2
org/apache/tika/parser/DelegatingParser.java,435.0,436.0,433.0023094626633,187491.0,0.0,0.0,0.0,0.0,0,0,0,0,435.0,436.0,433.0023094626633,187491.0,0.0,0,0
org/apache/tika/parser/DummyParser.java,5.5,6.0,2.9154759474226504,8.5,6.0,0.0,6.0,0.0,10.0,0.0,10.0,0.0,6.666666666666667,6.0,0.9428090415820634,0.888888888888889,0.125,2,1
org/apache/tika/parser/EmptyParser.java,398.0,104.5,573.2368620387213,328600.5,0.0,0.0,0.0,0.0,0,0,0,0,398.0,104.5,573.2368620387213,328600.5,0.0,0,0
org/apache/tika/parser/ErrorParser.java,1.25,1.0,1.0897247358851685,1.1875,0.0,0.0,0.0,0.0,0,0,0,0,1.25,1.0,1.0897247358851685,1.1875,0.0,0,0
org/apache/tika/parser/NetworkParser.java,0.0,0.0,0.0,0.0,0.0,0.0,0.0,0.0,0.0,0.0,0.0,0.0,0.0,0.0,0.0,0.0,0.0,7,8
org/apache/tika/parser/ParseContext.java,18118.9,131.0,38380.33819014626,1473050359.59,26998.25,45850.96904851085,726.0,2102311362.6875,363.0,555.6811135894399,65.5,308781.5,29595.4,1321.0,42917.831662841505,1841940274.6400006,0.0,4,4
org/apache/tika/parser/ParserDecorator.java,3715.090909090909,2.0,8099.791439004583,65606621.35537193,2.0,0.0,2.0,0.0,1.0,0.0,1.0,0.0,5837.142857142857,6.0,9524.315264905197,90712581.26530614,0.09090909090909091,1,1
org/apache/tika/parser/ParserDecoratorTest.java,1.3333333333333333,1.0,0.4714045207910317,0.2222222222222222,0.0,0.0,0.0,0.0,0,0,0,0,1.3333333333333333,1.0,0.4714045207910317,0.2222222222222222,0.0,0,0
org/apache/tika/parser/ParserPostProcessor.java,0.0,0.0,0.0,0.0,0.0,0.0,0.0,0.0,0.0,0.0,0.0,0.0,0.0,0.0,0.0,0.0,0.0,1,1
org/apache/tika/parser/ParsingReader.java,5.448275862068965,2.0,10.499872599872596,110.2473246135553,15.8,16.497272501841024,3.0,272.16,2.5,0.5,2.5,0.25,5.230769230769231,3.0,9.073663039078847,82.33136094674556,0.10344827586206896,5,2
org/apache/tika/parser/ParsingReaderTest.java,1.0,1.0,1.0,1.0,0.0,0.0,0.0,0.0,1.0,0.0,1.0,0.0,1.5,1.0,0.8660254037844386,0.75,0.0,0,1
org/apache/tika/parser/RecursiveParserWrapper.java,224.29850746268656,23.0,670.1621771848329,449117.34372911544,271.7894736842105,776.8600482880032,23.0,603511.5346260387,617.0,1196.709427783309,35.0,1432113.4545454546,119.1304347826087,183.0,109.03581555490842,11888.809073724009,0.04477611940298507,19,11
org/apache/tika/parser/RecursiveParserWrapperTest.java,2.2857142857142856,1.0,3.550222758173501,12.604081632653061,2.4,3.4409301068170506,1.0,11.84,2.4285714285714284,3.499271061118826,1.0,12.244897959183673,2.111111111111111,1.0,2.1314806770278754,4.5432098765432105,0.14285714285714285,10,7
org/apache/tika/parser/asm/ClassParser.java,853.75,315.0,1142.9950513891126,1306437.6875,0.0,0.0,0.0,0.0,0,0,0,0,853.75,315.0,1142.9950513891126,1306437.6875,0.0,0,0
org/apache/tika/parser/asm/ClassParserTest.java,1.0,1.0,0.0,0.0,0.0,0.0,0.0,0.0,0,0,0,0,1.0,1.0,0.0,0.0,0.0,0,0
org/apache/tika/parser/asm/XHTMLClassVisitor.java,9.233766233766234,1.0,22.973669911272484,527.7895091921066,13.565217391304348,29.455679436056087,1.0,867.6370510396976,2.7142857142857144,3.534090536243709,1.0,12.489795918367346,11.15,1.0,24.25752460577954,588.4274999999999,0.05194805194805195,23,14
org/apache/tika/parser/audio/AudioParser.java,102.41176470588235,1.0,478.5105025368432,228972.30103806223,3.066666666666667,2.515728301881761,4.0,6.32888888888889,0.8333333333333334,1.4624940645653537,0.0,2.138888888888889,685.2,8.0,1076.4655870022043,1158778.1600000001,0.0,15,6
org/apache/tika/parser/audio/AudioParserTest.java,1.5,1.0,0.8660254037844386,0.75,0.0,0.0,0.0,0.0,0,0,0,0,1.5,1.0,0.8660254037844386,0.75,0.0,0,0
org/apache/tika/parser/audio/MidiParser.java,124.60714285714286,1.0,524.6793128926955,275288.38137755106,5.818181818181818,10.133815415529979,1.0,102.69421487603304,0.875,0.9270248108869579,0.5,0.859375,853.75,315.0,1142.9950513891126,1306437.6875,0.32142857142857145,11,8
org/apache/tika/parser/audio/MidiParserTest.java,1.0,1.0,0.0,0.0,0.0,0.0,0.0,0.0,0,0,0,0,1.0,1.0,0.0,0.0,0.0,0,0
org/apache/tika/parser/chm/ChmParser.java,10348.57142857143,875.0,15206.353370099177,231233182.81632662,12889.0,16174.208543233268,2938.0,261605022.0,33882.0,0.0,33882.0,0.0,7466.0,631.0,13247.141352004968,175486754.0,0.35714285714285715,3,2
org/apache/tika/parser/chm/TestChmBlockInfo.java,32.526315789473685,2.0,72.52249627097761,5259.512465373961,67.66666666666667,93.57468793547869,2.0,8756.22222222222,67.0,94.04608799235972,1.0,8844.666666666666,1.8,2.0,0.4,0.16,0.15789473684210525,6,3
org/apache/tika/parser/chm/TestChmExtraction.java,3093060.933333333,3.0,13363519.277964551,178583647492530.22,3106609.25,13360539.90363554,196.5,178504026516637.56,5610438.818181818,17624163.021352675,9.0,310611122203215.0,1844.75,2.5,4117.754750771347,16955904.1875,0.36666666666666664,20,11
org/apache/tika/parser/chm/TestChmExtractor.java,13.875,1.0,32.5631597821833,1060.359375,1.0,0.0,1.0,0.0,100.0,0.0,100.0,0.0,1.8,1.0,0.9797958971132713,0.9600000000000002,0.125,1,1
org/apache/tika/parser/chm/TestChmItsfHeader.java,3.2,1.0,4.4,19.360000000000007,0.0,0.0,0.0,0.0,0,0,0,0,3.2,1.0,4.4,19.360000000000007,0.0,0,0
org/apache/tika/parser/chm/TestChmItspHeader.java,3.3684210526315788,1.0,5.469634129164876,29.91689750692521,0.0,0.0,0.0,0.0,0,0,0,0,3.3684210526315788,1.0,5.469634129164876,29.91689750692521,0.0,0,0
org/apache/tika/parser/chm/TestChmLzxState.java,1.2727272727272727,1.0,0.7496555682941201,0.5619834710743802,1.3333333333333333,0.4714045207910317,1.0,0.2222222222222222,1.0,0.0,1.0,0.0,1.75,2.0,0.4330127018922193,0.1875,0.0,3,1
org/apache/tika/parser/chm/TestChmLzxcControlData.java,3.5714285714285716,1.0,4.065785563073631,16.530612244897963,10.0,0.0,10.0,0.0,0,0,0,0,2.5,1.0,3.3541019662496847,11.25,0.0,1,0
org/apache/tika/parser/chm/TestChmLzxcResetTable.java,2.875,1.0,3.550968177835448,12.609375,5.0,4.0,5.0,16.0,1.0,0.0,1.0,0.0,2.4545454545454546,1.0,3.0855568633594794,9.52066115702479,0.0,2,1
org/apache/tika/parser/chm/TestDirectoryListingEntry.java,2.4,1.0,2.8,7.839999999999998,0.0,0.0,0.0,0.0,0,0,0,0,2.4,1.0,2.8,7.839999999999998,0.0,0,0
org/apache/tika/parser/chm/TestParameters.java,0.4,0.0,0.48989794855663565,0.24000000000000005,0.0,0.0,0.0,0.0,0,0,0,0,0.6666666666666666,1.0,0.4714045207910317,0.22222222222222224,0.0,0,0
org/apache/tika/parser/chm/TestPmgiHeader.java,1.0,1.0,0.7071067811865476,0.5,1.0,0.0,1.0,0.0,1.0,0.0,1.0,0.0,1.5,1.5,0.5,0.25,0.0,2,1
org/apache/tika/parser/chm/TestPmglHeader.java,1.6666666666666667,1.0,1.9720265943665383,3.8888888888888875,1.0,0.0,1.0,0.0,1.0,0.0,1.0,0.0,2.25,1.0,2.165063509461097,4.6875,0.0,2,1
org/apache/tika/parser/chm/accessor/ChmDirectoryListingSet.java,28333.338983050846,506.0,59144.87581644514,3498116335.3427176,35979.5,31521.319038337635,49332.0,993593553.9166666,26971.0,59129.542105072615,506.0,3496302749.5555553,33176.89473684211,57.0,86293.65251456626,7446594464.3047085,0.3220338983050847,18,9
org/apache/tika/parser/chm/accessor/ChmItsfHeader.java,350.72727272727275,85.0,1102.498189999951,1215502.258953168,130.76923076923077,108.62508128431331,85.0,11799.408284023673,1399.5,1314.5,1399.5,1727910.25,471.6666666666667,86.0,1356.929590852051,1841257.9145299143,0.015151515151515152,13,2
org/apache/tika/parser/chm/accessor/ChmItspHeader.java,298.68518518518516,73.0,763.1669596484373,582423.8082990396,194.5,213.16327857615002,73.0,45438.583333333336,0,0,0,0,364.9268292682927,75.0,859.7891230467262,739237.3361094585,0.0,6,0
org/apache/tika/parser/chm/accessor/ChmLzxcControlData.java,1217.74,57.0,7558.8069132899545,57135561.95240001,135.84615384615384,138.48901436789748,57.0,19179.207100591713,28.5,28.5,28.5,812.25,2269.4615384615386,58.0,10371.030385092925,107558271.2485207,0.04,13,2
org/apache/tika/parser/chm/accessor/ChmLzxcResetTable.java,13343.0,45.0,37705.360327303126,1421694197.4117646,9641.888888888889,23978.3750095532,45.0,574962468.0987655,17292.4,30045.41289847753,45.0,902726836.24,18787.185185185186,47.0,47154.678986279185,2223563750.29904,0.058823529411764705,9,5
org/apache/tika/parser/chm/accessor/ChmPmgiHeader.java,2.3636363636363638,2.0,2.75591025294984,7.595041322314049,2.0,0.0,2.0,0.0,0,0,0,0,3.5384615384615383,2.0,2.9772311508251734,8.863905325443787,0.0,4,0
org/apache/tika/parser/chm/accessor/ChmPmglHeader.java,2614.1612903225805,511.0,8859.601447734267,78492537.81269512,715.8,250.82774966099743,511.0,62914.56,0,0,0,0,3688.5238095238096,511.0,10593.193859936435,112215756.154195,0.03225806451612903,5,0
org/apache/tika/parser/chm/accessor/DirectoryListingEntry.java,105792.23076923077,49361.0,92595.46676406161,8573920465.254438,0.0,0.0,0.0,0.0,0,0,0,0,114607.58333333333,49368.0,90984.49376996275,8278178106.57639,0.0,0,0
org/apache/tika/parser/chm/assertion/ChmAssert.java,2673.7727272727275,8.0,4910.9847922962745,24117771.630165286,5116.222222222223,5707.303766574075,160.5,32573316.28395062,0,0,0,0,2839.222222222222,59.0,5224.719211546795,27297690.839506168,0.022727272727272728,18,0
org/apache/tika/parser/chm/core/ChmCommons.java,129580.38636363637,1.0,638852.1768729663,408132103895.3279,395048.80555555556,1117846.7045438003,159.0,1249581254859.4346,124812.0,507105.0494361104,0.0,257155531163.6,11979.92,1.0,31140.606303564484,969737360.9536002,0.11363636363636363,36,20
org/apache/tika/parser/chm/core/ChmConstants.java,0.5,0.5,0.5,0.25,0.0,0.0,0.0,0.0,0,0,0,0,0.5,0.5,0.5,0.25,0.0,0,0
org/apache/tika/parser/chm/core/ChmExtractor.java,3584529.026666667,5181.0,12703041.56807598,161367265080266.22,4852949.615384615,13717318.761967465,44988.0,188164834017424.62,2969409.8333333335,9786112.891992169,5956.5,95768005534815.31,3103351.9565217393,34.0,14484426.785541214,209798619305703.78,0.14666666666666667,26,12
org/apache/tika/parser/chm/core/ChmWrapper.java,0.0,0.0,0.0,0.0,0.0,0.0,0.0,0.0,0,0,0,0,0.0,0.0,0.0,0.0,0.0,0,0
org/apache/tika/parser/chm/exception/ChmParsingException.java,0.0,0.0,0.0,0.0,0.0,0.0,0.0,0.0,0,0,0,0,0.0,0.0,0.0,0.0,0.0,0,0
org/apache/tika/parser/chm/lzx/ChmBlockInfo.java,5059925.78125,0.5,22491119.743713677,505850467326067.25,0.0,0.0,0.0,0.0,0.0,0.0,0.0,0.0,8521980.263157895,45208.0,28678478.373992015,822455121847527.6,0.0,6,1
org/apache/tika/parser/chm/lzx/ChmLzxBlock.java,6611359.519021739,5939.0,37495401.78532739,1405905155043132.5,6282261.536585365,34927271.129206285,9099.0,1219914268533087.0,9555417.76923077,49212623.84488734,8833.0,2421882345698373.5,9631911.35483871,11100.0,31372968.185487986,984263132767641.2,0.3804347826086957,164,78
org/apache/tika/parser/chm/lzx/ChmLzxState.java,2491656.1384615386,5921.0,7480094.185419801,55951809022751.11,752193.2857142857,1817733.4784729432,5921.0,3304154998761.346,4070.75,4363.062649962753,2960.5,19036315.6875,3263621.1041666665,5987.5,8541640.595395014,72959624060900.1,0.0,7,4
org/apache/tika/parser/chm/lzx/ChmSection.java,23569485.25,0.0,66123364.27197482,4372299302644275.5,7962022.066666666,21427174.520018037,0.0,459123807911310.2,2272420.5555555555,6415159.122964763,0.0,41154266572958.02,52638433.84615385,42172.5,95089634.95956264,9042038676742878.0,0.015625,15,9
org/apache/tika/parser/code/SourceCodeParser.java,172.42857142857142,5.0,599.3580352525264,359230.0544217687,20.666666666666668,22.15601247717849,5.0,490.8888888888889,3.0,2.0,3.0,4.0,498.42857142857144,5.0,957.9549433399192,917677.6734693878,0.047619047619047616,6,2
org/apache/tika/parser/code/SourceCodeParserTest.java,0.7714285714285715,0.0,1.374995361773253,1.8906122448979594,0.3333333333333333,0.4714045207910317,0.0,0.2222222222222222,1.0,0.0,1.0,0.0,2.25,1.0,2.165063509461097,4.6875,0.0,9,9
org/apache/tika/parser/crypto/Pkcs7Parser.java,262.61538461538464,0.0,746.5168902681446,557287.4674556211,0.0,0.0,0.0,0.0,0.0,0.0,0.0,0.0,853.5,315.0,1143.1816347370177,1306864.25,0.0,1,3
org/apache/tika/parser/dwg/DWGParser.java,1273.8085106382978,9.0,11010.372860979774,121228310.53779994,2433.0434782608695,15648.889349333225,10.0,244887737.86767486,116.07142857142857,249.28883542868053,9.0,62144.92346938776,288.0769230769231,15.0,739.4264369234453,546751.4556213019,0.19148936170212766,46,14
org/apache/tika/parser/dwg/DWGParserTest.java,1.9090909090909092,1.0,3.1320787594458572,9.809917355371901,1.0,0.0,1.0,0.0,5.4,4.317406628984581,4.0,18.64,2.727272727272727,1.0,3.1934851036818723,10.198347107438018,0.045454545454545456,1,5
org/apache/tika/parser/envi/EnviHeaderParser.java,2.3333333333333335,1.0,4.853406592853679,23.555555555555554,1.0,0.0,1.0,0.0,8.5,7.5,8.5,56.25,0.75,1.0,0.4330127018922193,0.1875,0.1111111111111111,1,2
org/apache/tika/parser/envi/EnviHeaderParserTest.java,0.5,0.5,0.5,0.25,1.0,0.0,1.0,0.0,1.0,0.0,1.0,0.0,1.0,1.0,0.0,0.0,0.0,1,1
org/apache/tika/parser/epub/EpubContentParser.java,95.85714285714286,0.0,217.3689612298003,47249.26530612243,0.0,0.0,0.0,0.0,22.0,22.0,22.0,484.0,223.66666666666666,44.0,285.76486060318115,81661.55555555556,0.0,0,2
org/apache/tika/parser/epub/EpubParser.java,207.05,11.0,606.7328468939191,368124.7475,100.0,44.399699698684145,122.5,1971.3333333333333,16.5,16.5,11.0,272.25,428.375,2.5,913.502180826625,834486.234375,0.35,6,4
org/apache/tika/parser/epub/EpubParserTest.java,0.5,0.5,0.5,0.25,0.0,0.0,0.0,0.0,1.0,0.0,1.0,0.0,1.0,1.0,0.0,0.0,0.0,0,1
org/apache/tika/parser/executable/ExecutableParser.java,38.22222222222222,0.0,297.54367663617523,88532.2395061728,1.1,0.9433981132056604,1.0,0.89,0.16326530612244897,0.46716420988814683,0.0,0.2182423990004165,569.0,4.0,1012.9805855329442,1026129.6666666666,0.0,20,49
org/apache/tika/parser/executable/ExecutableParserTest.java,0.5714285714285714,0.0,0.7284313590846835,0.5306122448979591,0.0,0.0,0.0,0.0,1.0,0.0,1.0,0.0,1.3333333333333333,1.0,0.4714045207910317,0.2222222222222222,0.0,0,2
org/apache/tika/parser/executable/MachineMetadata.java,1.0,1.0,1.0540925533894598,1.1111111111111112,0.0,0.0,0.0,0.0,0,0,0,0,1.2857142857142858,1.0,1.0301575072754254,1.0612244897959182,0.0,1,0
org/apache/tika/parser/external/CompositeExternalParser.java,0.0,0.0,0.0,0.0,0.0,0.0,0.0,0.0,0,0,0,0,0.0,0.0,0.0,0.0,0.0,0,0
org/apache/tika/parser/external/ExternalParser.java,0.6382978723404256,0.0,3.0277126533527037,9.167043911272069,0.6521739130434783,3.0589667998848453,0.0,9.357277882797732,0.0,0.0,0.0,0.0,0.0,0.0,0.0,0.0,0.0425531914893617,23,22
org/apache/tika/parser/external/ExternalParsersConfigReader.java,0.0,0.0,0.0,0.0,0.0,0.0,0.0,0.0,0.0,0.0,0.0,0.0,0.0,0.0,0.0,0.0,0.0,28,13
org/apache/tika/parser/external/ExternalParsersFactory.java,0.0,0.0,0.0,0.0,0.0,0.0,0.0,0.0,0.0,0.0,0.0,0.0,0.0,0.0,0.0,0.0,0.0,2,2
org/apache/tika/parser/feed/FeedParser.java,185.89473684210526,5.0,627.806448109677,394140.9362880886,9.0,5.761944116355173,5.0,33.2,8.666666666666666,5.185449728701348,5.0,26.888888888888886,687.0,16.0,1075.5677570474118,1156846.0,0.3157894736842105,5,3
org/apache/tika/parser/feed/FeedParserTest.java,0.6153846153846154,1.0,0.6249260311258431,0.3905325443786982,1.0,0.0,1.0,0.0,0.5,0.5,0.5,0.25,1.3333333333333333,1.0,0.4714045207910317,0.2222222222222222,0.0,2,4
org/apache/tika/parser/font/AdobeFontMetricParser.java,150.47826086956522,1.0,575.619580713967,331337.9017013232,2.2857142857142856,2.7627256579733883,1.0,7.632653061224491,1.6666666666666667,0.9428090415820634,1.0,0.888888888888889,489.42857142857144,5.0,960.9970799930152,923515.3877551017,0.08695652173913043,7,3
org/apache/tika/parser/font/FontParsersTest.java,0.5714285714285714,0.0,0.7284313590846835,0.5306122448979591,0.0,0.0,0.0,0.0,1.0,0.0,1.0,0.0,1.3333333333333333,1.0,0.4714045207910317,0.2222222222222222,0.0,0,2
org/apache/tika/parser/font/TrueTypeParser.java,150.8695652173913,2.0,575.5345571423392,331240.0264650284,4.333333333333333,7.673909622147559,2.0,58.8888888888889,1.5,0.5,1.5,0.25,853.75,315.0,1142.9950513891126,1306437.6875,0.6086956521739131,9,2
org/apache/tika/parser/fork/ForkParserIntegrationTest.java,0.4230769230769231,0.0,0.6308161333406433,0.39792899408284027,0.5,0.5,0.5,0.25,0.0,0.0,0.0,0.0,0.7,0.5,0.7810249675906655,0.6100000000000001,0.0,8,2
org/apache/tika/parser/gdal/GDALParser.java,55.26027397260274,0.0,337.37475717369125,113821.72677800713,0.0,0.0,0.0,0.0,0.0,0.0,0.0,0.0,252.125,0.0,685.3299273889912,469677.109375,0.0,19,17
org/apache/tika/parser/gdal/TestGDALParser.java,0.8181818181818182,0.0,1.1134044285378082,1.2396694214876032,0.0,0.0,0.0,0.0,1.0,0.0,1.0,0.0,1.8,1.0,0.9797958971132713,0.9600000000000002,0.0,0,3
org/apache/tika/parser/grib/GribParser.java,148.66666666666666,3.5,563.3762557612413,317392.80555555556,4.571428571428571,4.467570220317683,1.0,19.95918367346939,17.333333333333332,22.528993664954402,10.0,507.55555555555566,855.0,317.5,1142.2033531731554,1304628.5,0.3333333333333333,7,6
org/apache/tika/parser/grib/GribParserTest.java,0.5,0.5,0.5,0.25,0.0,0.0,0.0,0.0,1.0,0.0,1.0,0.0,1.0,1.0,0.0,0.0,0.0,0,1
org/apache/tika/parser/hdf/HDFParser.java,183.4,16.0,611.4935322634246,373924.33999999997,21.4,18.607525359380812,16.0,346.24,18.25,11.366067921669305,19.5,129.1875,686.8,16.0,1075.6950125384053,1157119.7599999998,0.25,5,4
org/apache/tika/parser/hdf/HDFParserTest.java,0.5454545454545454,0.0,0.6555547773570889,0.42975206611570244,1.0,0.0,1.0,0.0,1.0,0.0,1.0,0.0,1.3333333333333333,1.0,0.4714045207910317,0.2222222222222222,0.0,2,2
org/apache/tika/parser/html/BoilerpipeContentHandler.java,14.395604395604396,3.0,18.690585936687057,349.33800265668395,21.782608695652176,18.789350641853833,18.0,353.0396975425331,4.6,6.452906321960671,2.0,41.63999999999999,20.782608695652176,3.0,23.994485818963618,575.7353497164462,0.15384615384615385,23,20
org/apache/tika/parser/html/DefaultHtmlMapper.java,961114.5625,26.0,1882330.8238150503,3543169330284.2456,1094229.3333333333,837718.7131320128,1248014.0,701772642331.5555,158.0,0.0,158.0,0.0,1610196.75,26.0,2447724.8312040586,5991356849292.9375,0.0625,3,1
org/apache/tika/parser/html/HtmlEncodingDetector.java,21565.0,34051.5,16795.089030891013,282075015.5555556,35197.833333333336,1610.5502596593776,34206.0,2593872.1388888885,11400.333333333334,16122.506015574074,0.0,259935200.2222222,22805.333333333332,34206.0,16122.977420094867,259950400.88888893,0.16666666666666666,6,3
org/apache/tika/parser/html/HtmlHandler.java,759999.5128205129,4102.0,1409949.2854776615,1987956987618.9683,986168.8636363636,1544584.391833765,35011.0,2385740943496.4814,174603.5,378653.1863976916,195.0,143378235569.125,1581343.3333333333,501662.0,1857668.0317208336,3450930516077.556,0.017094017094017096,66,16
org/apache/tika/parser/html/HtmlParser.java,1038787.2,2784.0,2101101.168937298,4414626122109.68,5671.0,12656.154392231472,4.0,160178244.0,8503.0,14702.809782487155,21.5,216172615.5,2158470.3333333335,1034631.5,2605001.3799860175,6786032189729.055,0.0,6,4
org/apache/tika/parser/html/HtmlParserTest.java,4.141025641025641,1.0,11.34621179182654,128.73652202498363,14.333333333333334,27.211108842611402,2.0,740.4444444444445,1.75,1.299038105676658,1.0,1.6875,4.694915254237288,1.0,12.854141635916728,165.22895719620797,0.01282051282051282,9,4
org/apache/tika/parser/html/IdentityHtmlMapper.java,1.6,1.0,1.3564659966250536,1.8399999999999999,0.0,0.0,0.0,0.0,0,0,0,0,1.6,1.0,1.3564659966250536,1.8399999999999999,0.0,0,0
org/apache/tika/parser/html/XHTMLDowngradeHandler.java,3071626.1666666665,3996691.5,1766835.287176238,3121706932011.139,4128021.75,227278.44197412895,4259187.0,51655490186.1875,4259019.0,0.0,4259019.0,0.0,1514029.2,33978.0,1812688.3864844942,3285839186495.7593,0.5833333333333334,4,1
org/apache/tika/parser/ibooks/iBooksParserTest.java,0.5,0.5,0.5,0.25,0.0,0.0,0.0,0.0,1.0,0.0,1.0,0.0,1.0,1.0,0.0,0.0,0.0,0,1
org/apache/tika/parser/image/BPGParser.java,88.92307692307692,3.0,448.2682567171985,200944.42998027618,1.75,1.479019945774904,3.0,2.1875,1.3636363636363635,1.4937887931959075,0.0,2.2314049586776856,684.0,5.0,1077.5707865379425,1161158.8,0.0,12,11
org/apache/tika/parser/image/BPGParserTest.java,1.5,1.0,0.8660254037844386,0.75,0.0,0.0,0.0,0.0,0,0,0,0,1.5,1.0,0.8660254037844386,0.75,0.0,0,0
org/apache/tika/parser/image/ImageMetadataExtractor.java,106.2784090909091,6.0,263.56413483286434,69466.0531701963,169.672131147541,358.83987576137883,8.0,128766.05643644181,85.51851851851852,253.94624254260768,6.0,64488.694101508925,81.29729729729729,40.0,107.19264417705335,11490.262965668371,0.09090909090909091,61,27
org/apache/tika/parser/image/ImageMetadataExtractorTest.java,1.7142857142857142,1.0,1.7496355305594131,3.061224489795919,0.0,0.0,0.0,0.0,0,0,0,0,1.7142857142857142,1.0,1.7496355305594131,3.061224489795919,0.0,0,0
org/apache/tika/parser/image/ImageParser.java,33995.625,115.0,55005.274141460584,3025580183.377232,41553.71428571428,59021.16440424276,345.0,3483497847.6326528,44358.875,65141.92783345743,792.0,4243470761.859375,28703.625,374.5,57976.386216582825,3361261358.734375,0.14285714285714285,21,8
org/apache/tika/parser/image/ImageParserTest.java,1.6,1.0,1.2000000000000002,1.4400000000000002,0.0,0.0,0.0,0.0,0,0,0,0,1.6,1.0,1.2000000000000002,1.4400000000000002,0.0,0,0
org/apache/tika/parser/image/MetadataFields.java,100.82608695652173,2.0,267.92108704745146,71781.70888468808,87.75,57.70127814875507,107.0,3329.4375,28.0,34.38604368053993,0.0,1182.4,334.0,1.5,576.7733523664214,332667.5,0.43478260869565216,8,5
org/apache/tika/parser/image/MetadataFieldsTest.java,1.0,1.0,0.0,0.0,0.0,0.0,0.0,0.0,0,0,0,0,1.0,1.0,0.0,0.0,0.0,0,0
org/apache/tika/parser/image/PSDParser.java,94.55,3.5,441.5073017516244,194928.69749999995,9.533333333333333,8.883442776061292,2.0,78.91555555555554,7.375,9.026869612440406,1.0,81.484375,355.1,19.0,830.0429446721416,688971.29,0.15,15,8
org/apache/tika/parser/image/PSDParserTest.java,1.3333333333333333,1.0,0.4714045207910317,0.2222222222222222,0.0,0.0,0.0,0.0,0,0,0,0,1.3333333333333333,1.0,0.4714045207910317,0.2222222222222222,0.0,0,0
org/apache/tika/parser/image/TiffParser.java,571.0,5.5,1015.9258503125774,1032105.3333333334,0.0,0.0,0.0,0.0,6.0,0.0,6.0,0.0,856.5,318.5,1141.7649714367665,1303627.25,0.0,0,1
org/apache/tika/parser/image/TiffParserTest.java,1.0,1.0,0.0,0.0,0.0,0.0,0.0,0.0,0,0,0,0,1.0,1.0,0.0,0.0,0.0,0,0
org/apache/tika/parser/image/WebPParser.java,569.3333333333334,3.5,1016.2404024420381,1032744.5555555555,0.0,0.0,0.0,0.0,2.0,0.0,2.0,0.0,854.0,315.0,1142.8086016477125,1306011.5,0.0,0,1
org/apache/tika/parser/image/WebPParserTest.java,1.0,1.0,0.0,0.0,0.0,0.0,0.0,0.0,0,0,0,0,1.0,1.0,0.0,0.0,0.0,0,0
org/apache/tika/parser/image/xmp/JempboxExtractorTest.java,1.6,1.0,1.2000000000000002,1.4400000000000002,0.0,0.0,0.0,0.0,0,0,0,0,1.6,1.0,1.2000000000000002,1.4400000000000002,0.0,0,0
org/apache/tika/parser/image/xmp/XMPPacketScanner.java,173782.24,49.0,804258.1988771656,646831250461.1423,466814.55555555556,1289040.0803758423,60.0,1661624328815.3582,35222.0,35221.0,35222.0,1240518841.0,48.5,61.0,27.735356496717326,769.25,0.36,9,2
org/apache/tika/parser/internal/Activator.java,0.0,0.0,0.0,0.0,0.0,0.0,0.0,0.0,0,0,0,0,0.0,0.0,0.0,0.0,0.0,0,0
org/apache/tika/parser/iptc/IptcAnpaParser.java,8.98421052631579,0.0,146.09508354117548,21343.773434903047,0.0,0.0,0.0,0.0,0.0,0.0,0.0,0.0,243.85714285714286,0.0,722.5341175476825,522055.5510204082,0.0,187,95
org/apache/tika/parser/isatab/ISATabUtils.java,10.394366197183098,0.0,26.655591001524375,710.5205316405472,20.875,37.888336485872095,9.0,1435.5260416666667,7.842105263157895,22.31889253500092,0.0,498.13296398891976,4.75,1.0,11.065147988165364,122.4375,0.22535211267605634,24,19
org/apache/tika/parser/isatab/ISArchiveParser.java,176.56521739130434,1.0,582.9545307115526,339835.9848771265,90.28571428571429,218.70444131992653,1.0,47831.63265306119,0.0,0.0,0.0,0.0,380.77777777777777,1.0,871.5535016124021,759605.5061728394,0.043478260869565216,7,1
org/apache/tika/parser/isatab/ISArchiveParserTest.java,0.5,0.5,0.5,0.25,0.0,0.0,0.0,0.0,1.0,0.0,1.0,0.0,1.0,1.0,0.0,0.0,0.0,0,1
org/apache/tika/parser/iwork/AutoPageNumberUtils.java,9.25925925925926,8.0,9.251997152137207,85.59945130315499,14.444444444444445,9.923161583007158,10.0,98.46913580246913,17.333333333333332,9.285592184789413,14.0,86.22222222222223,10.285714285714286,8.0,9.808367939298213,96.20408163265309,0.07407407407407407,9,3
org/apache/tika/parser/iwork/AutoPageNumberUtilsTest.java,1.6,1.0,1.2000000000000002,1.4400000000000002,0.0,0.0,0.0,0.0,0,0,0,0,1.6,1.0,1.2000000000000002,1.4400000000000002,0.0,0,0
org/apache/tika/parser/iwork/IWorkPackageParser.java,30.43243243243243,0.0,44.04208094633214,1939.7048940832724,73.33333333333333,46.035010831129625,77.0,2119.222222222222,0.2857142857142857,0.6998542122237653,0.0,0.4897959183673471,53.1,49.5,47.22382873084308,2230.09,0.16216216216216217,6,7
org/apache/tika/parser/iwork/IWorkParserTest.java,2.0,1.0,4.20977698010503,17.72222222222222,1.0,0.0,1.0,0.0,2.2,1.6,1.0,2.56,2.7142857142857144,1.0,5.283783431116266,27.918367346938776,0.05555555555555555,5,5
org/apache/tika/parser/iwork/KeynoteContentHandler.java,57414.73469387755,60.5,130028.82775208993,16907496046.582672,98653.61403508772,158126.73747675947,248.0,25004065105.044006,70.9,88.22560097084444,15.0,7783.756666666668,190994.33333333334,188463.0,191018.03714367453,36487890514.22222,0.0,57,30
org/apache/tika/parser/iwork/NumbersContentHandler.java,23620.353658536584,88.0,78522.28744779066,6165749626.033462,30081.17777777778,87418.60560348285,186.0,7642012605.657284,0,0,0,0,155533.0,152355.0,155627.43022038243,24219897037.0,0.0,45,0
org/apache/tika/parser/iwork/PagesContentHandler.java,20.859154929577464,10.0,28.334667848816533,802.8534021027574,32.391304347826086,29.665877236510642,25.0,880.0642722117203,1.6666666666666667,1.3743685418725535,2.0,1.8888888888888886,24.448275862068964,5.0,36.3304623838914,1319.902497027348,0.0,23,6
org/apache/tika/parser/jdbc/AbstractDBParser.java,9.205882352941176,8.0,15.762538261864659,248.45761245674737,10.666666666666666,5.962847939999439,12.0,35.55555555555556,16.8,25.662423891752706,8.0,658.5600000000001,5.857142857142857,8.0,5.462301226944332,29.83673469387755,0.2647058823529412,6,10
org/apache/tika/parser/jdbc/SQLite3DBParser.java,5.052631578947368,8.0,5.325941322388849,28.365650969529085,5.333333333333333,3.7712361663282534,8.0,14.222222222222223,8.0,5.656854249492381,8.0,32.0,8.0,8.0,4.27617987059879,18.285714285714285,0.05263157894736842,3,4
org/apache/tika/parser/jdbc/SQLite3Parser.java,570.3333333333334,6.5,1015.684443559558,1031614.8888888889,0.0,0.0,0.0,0.0,625.0,0.0,625.0,0.0,855.5,316.5,1141.6927125982718,1303462.25,0.0,0,1
org/apache/tika/parser/jdbc/SQLite3ParserTest.java,1.8888888888888888,1.0,2.3778816176702997,5.65432098765432,1.0,0.0,1.0,0.0,4.25,3.418698582794336,3.0,11.6875,1.7142857142857142,1.0,1.7496355305594131,3.061224489795919,0.16666666666666666,3,4
org/apache/tika/parser/jdbc/SQLite3TableReader.java,16.0,16.0,13.856406460551018,192.0,32.0,0.0,32.0,0.0,0.0,0.0,0.0,0.0,12.8,16.0,11.973303637676613,143.36,0.0,1,1
org/apache/tika/parser/jpeg/JpegParser.java,579.6666666666666,28.0,1011.9490544928084,1024040.8888888889,0.0,0.0,0.0,0.0,51.0,0.0,51.0,0.0,869.5,344.5,1133.159851918519,1284051.25,0.0,0,1
org/apache/tika/parser/jpeg/JpegParserTest.java,1.7777777777777777,1.0,2.199887763691481,4.8395061728395055,0.0,0.0,0.0,0.0,0,0,0,0,1.7777777777777777,1.0,2.199887763691481,4.8395061728395055,0.0,0,0
org/apache/tika/parser/mail/RFC822Parser.java,313.8181818181818,1.0,801.8393421244136,642946.3305785124,1.0,0.0,1.0,0.0,23.0,0.0,23.0,0.0,862.0,329.5,1138.3683498762605,1295882.5,0.0,2,1
org/apache/tika/parser/mail/RFC822ParserTest.java,52.35897435897436,1.0,315.95873531121254,99829.92241946085,0.75,0.4330127018922193,1.0,0.1875,223.0,628.2644524578978,1.0,394716.22222222225,2.3333333333333335,1.0,3.608631627393162,13.022222222222219,0.02564102564102564,4,9
org/apache/tika/parser/mat/MatParser.java,165.66666666666666,2.0,600.2905116797186,360348.6984126984,7.0,10.26784161489509,2.0,105.42857142857143,2.6666666666666665,1.8856180831641267,4.0,3.555555555555556,1137.3333333333333,626.0,1191.9108840662357,1420651.5555555553,0.2857142857142857,7,3
org/apache/tika/parser/mat/MatParserTest.java,0.5714285714285714,0.0,0.7284313590846835,0.5306122448979591,0.0,0.0,0.0,0.0,1.0,0.0,1.0,0.0,1.3333333333333333,1.0,0.4714045207910317,0.2222222222222222,0.0,0,2
org/apache/tika/parser/mbox/MboxParser.java,114.48333333333333,8.0,366.91499886062013,134626.61638888888,97.72,107.44431860270694,109.0,11544.281599999998,23.142857142857142,68.90558462009254,3.5,4747.979591836734,413.3333333333333,5.0,861.763179636829,742635.7777777776,0.26666666666666666,25,14
org/apache/tika/parser/mbox/MboxParserTest.java,1.1111111111111112,0.0,1.7916128329552332,3.2098765432098766,0.0,0.0,0.0,0.0,1.0,0.0,1.0,0.0,2.5,1.0,1.9364916731037085,3.75,0.0,0,5
org/apache/tika/parser/mbox/OutlookPSTParser.java,82.57142857142857,0.5,432.68932783438134,187220.05442176873,1.2857142857142858,1.8294640678379568,1.0,3.3469387755102042,1.375,2.1758618981911515,0.0,4.734375,429.875,5.5,913.1780272077291,833894.109375,0.023809523809523808,14,8
org/apache/tika/parser/mbox/OutlookPSTParserTest.java,1.8333333333333333,1.0,1.950783318453271,3.805555555555556,0.0,0.0,0.0,0.0,0,0,0,0,1.8333333333333333,1.0,1.950783318453271,3.805555555555556,0.0,0,0
org/apache/tika/parser/microsoft/AbstractPOIContainerExtractionTest.java,21.125,21.0,15.885823082232786,252.359375,42.0,0.0,42.0,0.0,17.0,0.0,17.0,0.0,25.5,27.5,19.03286631067428,362.25,0.0,1,1
org/apache/tika/parser/microsoft/CellDecorator.java,0.0,0.0,0.0,0.0,0.0,0.0,0.0,0.0,0,0,0,0,0.0,0.0,0.0,0.0,0.0,0,0
org/apache/tika/parser/microsoft/ExcelExtractor.java,58579.57851239669,17.0,291285.39826447715,84847183242.09508,77222.38461538461,354557.0319922589,65.0,125710688935.1597,10293.121212121212,27269.267418855703,6.0,743612945.5610651,144023.88888888888,106.0,512453.44085421157,262608529043.32092,0.18181818181818182,39,33
org/apache/tika/parser/microsoft/ExcelParserTest.java,1.0,1.0,0.0,0.0,0.0,0.0,0.0,0.0,0,0,0,0,1.0,1.0,0.0,0.0,0.0,0,0
org/apache/tika/parser/microsoft/HSLFExtractor.java,20.8265306122449,2.0,33.19977425243022,1102.2250104123284,32.333333333333336,43.64666935783011,34.0,1905.031746031746,14.0,17.519913482122355,6.0,306.94736842105266,26.428571428571427,34.0,16.525799248941833,273.1020408163265,0.4489795918367347,42,19
org/apache/tika/parser/microsoft/LinkedCell.java,0.0,0.0,0.0,0.0,0.0,0.0,0.0,0.0,0.0,0.0,0.0,0.0,0.0,0.0,0.0,0.0,0.0,3,1
org/apache/tika/parser/microsoft/NumberCell.java,0.0,0.0,0.0,0.0,0.0,0.0,0.0,0.0,0,0,0,0,0.0,0.0,0.0,0.0,0.0,0,0
org/apache/tika/parser/microsoft/OfficeParser.java,180.9625,5.5,438.5377533277495,192315.36109375005,217.33333333333334,341.6056042995912,116.5,116694.38888888889,171.03571428571428,439.12319148038443,3.5,192829.17729591837,359.2307692307692,96.0,723.5022889598745,523455.5621301776,0.1125,12,28
org/apache/tika/parser/microsoft/OfficeParserTest.java,1.0,1.0,0.0,0.0,0.0,0.0,0.0,0.0,0,0,0,0,1.0,1.0,0.0,0.0,0.0,0,0
org/apache/tika/parser/microsoft/OldExcelParser.java,678.5,4.5,1028.0875449104517,1056964.0,4.0,0.0,4.0,0.0,1999.0,0.0,1999.0,0.0,854.25,315.5,1142.7585867102466,1305897.1875,0.5,1,1
org/apache/tika/parser/microsoft/OldExcelParserTest.java,0.6666666666666666,0.0,0.9428090415820634,0.8888888888888888,0.0,0.0,0.0,0.0,1.0,0.0,1.0,0.0,1.2,1.0,0.9797958971132713,0.9600000000000002,0.0,0,2
org/apache/tika/parser/microsoft/OutlookParserTest.java,0.631578947368421,0.0,1.3459696686888865,1.8116343490304705,0.0,0.0,0.0,0.0,1.0,0.0,1.0,0.0,1.7142857142857142,1.0,1.7496355305594131,3.061224489795919,0.0,0,6
org/apache/tika/parser/microsoft/POIContainerExtractionTest.java,1.8333333333333333,1.0,1.51840559652405,2.305555555555556,1.0,0.0,1.0,0.0,4.0,1.0,4.0,1.0,1.6666666666666667,1.0,1.4907119849998596,2.222222222222222,0.16666666666666666,2,2
org/apache/tika/parser/microsoft/PowerPointParserTest.java,1.2424242424242424,1.0,1.7061440315465755,2.910927456382002,1.25,0.4330127018922193,1.0,0.1875,2.0,1.5491933384829668,1.0,2.4,1.7777777777777777,1.0,2.199887763691481,4.8395061728395055,0.21212121212121213,4,10
org/apache/tika/parser/microsoft/ProjectParserTest.java,0.75,0.5,0.82915619758885,0.6875,0.0,0.0,0.0,0.0,1.0,0.0,1.0,0.0,1.5,1.5,0.5,0.25,0.0,0,2
org/apache/tika/parser/microsoft/PublisherParserTest.java,0.5,0.5,0.5,0.25,0.0,0.0,0.0,0.0,1.0,0.0,1.0,0.0,1.0,1.0,0.0,0.0,0.0,0,1
org/apache/tika/parser/microsoft/TNEFParserTest.java,1.0,1.0,1.0,1.0,0.0,0.0,0.0,0.0,1.0,0.0,1.0,0.0,1.5,1.0,0.8660254037844386,0.75,0.0,0,1
org/apache/tika/parser/microsoft/TextCell.java,55746.666666666664,83620.0,39418.84602854607,1553845422.2222223,0.0,0.0,0.0,0.0,0,0,0,0,55746.666666666664,83620.0,39418.84602854607,1553845422.2222223,0.0,0,0
org/apache/tika/parser/microsoft/VisioParserTest.java,0.5,0.5,0.5,0.25,0.0,0.0,0.0,0.0,1.0,0.0,1.0,0.0,1.0,1.0,0.0,0.0,0.0,0,1
org/apache/tika/parser/microsoft/WordExtractor.java,635.6470588235294,70.0,1308.9890549659922,1713452.3460207614,1202.4285714285713,1692.4940056566443,140.0,2864535.9591836734,118.66666666666667,96.81712428881347,69.0,9373.555555555555,714.1666666666666,70.0,1383.9428075048638,1915297.6944444445,0.029411764705882353,7,3
org/apache/tika/parser/microsoft/WordParserTest.java,1.0333333333333334,1.0,2.190636640086368,4.79888888888889,0.6666666666666666,0.6666666666666666,1.0,0.4444444444444444,1.625,1.3169567191065923,1.0,1.734375,1.6842105263157894,1.0,3.3881004083012805,11.479224376731302,0.11666666666666667,9,16
org/apache/tika/parser/microsoft/WriteProtectedParserTest.java,1.0,1.0,0.0,0.0,0.0,0.0,0.0,0.0,0,0,0,0,1.0,1.0,0.0,0.0,0.0,0,0
org/apache/tika/parser/microsoft/ooxml/MetadataExtractor.java,139.70103092783506,6.0,339.0651235974799,114965.15804017431,175.43478260869566,437.41889445353496,4.0,191335.28922495275,29.24137931034483,93.34018433606506,0.0,8712.390011890606,589.0,124.0,805.403625519528,648675.0,0.0,46,29
org/apache/tika/parser/microsoft/ooxml/OOXMLContainerExtractionTest.java,2.25,1.0,1.713913650100261,2.9375,0.0,0.0,0.0,0.0,0,0,0,0,2.25,1.0,1.713913650100261,2.9375,0.0,0,0
org/apache/tika/parser/microsoft/ooxml/OOXMLParser.java,889.75,382.5,1121.4451335219214,1257639.1875,0.0,0.0,0.0,0.0,0,0,0,0,889.75,382.5,1121.4451335219214,1257639.1875,0.0,0,0
org/apache/tika/parser/microsoft/ooxml/OOXMLParserTest.java,3.5,4.0,1.6583123951777,2.75,0.0,0.0,0.0,0.0,0,0,0,0,3.5,4.0,1.6583123951777,2.75,0.0,0,0
org/apache/tika/parser/microsoft/ooxml/POIXMLTextExtractorDecorator.java,0.0,0.0,0.0,0.0,0.0,0.0,0.0,0.0,0,0,0,0,0.0,0.0,0.0,0.0,0.0,0,0
org/apache/tika/parser/microsoft/ooxml/XSLFPowerPointExtractorDecorator.java,63.23880597014925,13.0,173.18974923581746,29994.689240365333,102.24137931034483,227.5166769442466,20.0,51763.83828775267,54.3125,154.60987951534662,5.0,23904.21484375,73.25,32.0,71.44709581221619,5104.6875,0.13432835820895522,29,16
org/apache/tika/parser/microsoft/ooxml/XSSFExcelExtractorDecorator.java,74.33684210526316,3.0,262.6137291687592,68965.97074792243,154.7,387.71124564551906,40.5,150320.01,29.6,57.74172379368897,3.0,3334.106666666667,150.55555555555554,23.0,403.0606822554724,162457.91358024688,0.09473684210526316,20,15
org/apache/tika/parser/microsoft/ooxml/XWPFWordExtractorDecorator.java,179.17361111111111,34.0,276.3578178201102,76373.64347029322,252.81666666666666,286.2119547740023,69.5,81917.28305555556,81.25,152.57551409056435,29.5,23279.2875,354.57894736842104,70.0,419.4280963143019,175919.92797783934,0.06944444444444445,60,20
org/apache/tika/parser/mock/MockParser.java,2348555.73,2.5,23280312.79152687,541972963671329.6,6697671.342857143,38979389.088799484,11.0,1519392773736020.0,18073.75,47780.863246745204,2.5,2283010892.6041665,256.2307692307692,13.0,651.9128249704456,424990.3313609468,0.08,35,24
org/apache/tika/parser/mock/MockParserTest.java,2.754385964912281,1.0,4.635033267937862,21.483533394890735,4.9,7.244998274671983,2.0,52.49000000000001,2.923076923076923,4.0470604424510475,1.0,16.37869822485207,3.0,1.0,3.5746017649212027,12.777777777777779,0.017543859649122806,10,13
org/apache/tika/parser/mp3/AudioFrame.java,93.38888888888889,0.0,221.30709488607357,48976.830246913574,93.65,222.93188982287842,0.0,49698.6275,113.63636363636364,240.58877504506722,0.0,57882.95867768596,174.54545454545453,8.0,275.09415367911726,75676.79338842978,0.018518518518518517,20,11
org/apache/tika/parser/mp3/CompositeTagHandler.java,9.27027027027027,8.0,6.844404495639262,46.845872899926945,12.8,6.092618484691127,14.0,37.120000000000005,3.8333333333333335,3.435921354681384,2.0,11.805555555555557,12.307692307692308,12.0,6.1692115863887445,38.05917159763313,0.08108108108108109,25,12
org/apache/tika/parser/mp3/ID3Tags.java,10.666666666666666,11.0,7.695597587076796,59.22222222222221,0.0,0.0,0.0,0.0,0,0,0,0,11.4,15.0,8.2365041127896,67.84,0.16666666666666666,0,0
org/apache/tika/parser/mp3/ID3v1Handler.java,41.14705882352941,4.0,99.0341985949777,9807.772491349482,59.0,114.902132269162,11.5,13202.5,201.0,151.57176518072222,237.0,22974.0,4.642857142857143,4.0,3.5578312586892205,12.658163265306124,0.35294117647058826,12,3
org/apache/tika/parser/mp3/ID3v2Frame.java,17.079646017699115,7.0,24.126928954171778,582.1087007596524,20.76595744680851,19.942697448692947,12.0,397.7111815301041,12.25,16.768646337734005,5.0,281.1875,24.62962962962963,8.0,35.206426336939984,1239.4924554183815,0.09734513274336283,47,12
org/apache/tika/parser/mp3/ID3v22Handler.java,0.375,0.0,1.3169567191065923,1.734375,0.7857142857142857,2.0063674150268773,0.0,4.025510204081633,0.0,0.0,0.0,0.0,0.4117647058823529,0.0,1.6470588235294115,2.7128027681660893,0.0,14,10
org/apache/tika/parser/mp3/ID3v23Handler.java,12.523809523809524,6.0,11.101776123962146,123.24943310657598,20.5,11.672617529928752,20.0,136.25,3.5454545454545454,2.1474566929123124,5.0,4.611570247933885,14.125,8.0,10.092540562217225,101.859375,0.2857142857142857,12,11
org/apache/tika/parser/mp3/ID3v24Handler.java,3.422222222222222,2.0,2.8479145499734746,8.110617283950617,4.857142857142857,2.8248171333264556,4.5,7.979591836734694,0.8333333333333334,0.5527707983925666,1.0,0.3055555555555555,4.375,3.0,2.7357585785299112,7.484375,0.2222222222222222,14,12
org/apache/tika/parser/mp3/LyricsHandler.java,1.7179487179487178,0.0,3.1210510881441924,9.740959894806046,2.4761904761904763,3.4862867081377384,1.0,12.154195011337869,0.0,0.0,0.0,0.0,2.5,0.0,4.330127018922194,18.75,0.4358974358974359,21,3
org/apache/tika/parser/mp3/Mp3Parser.java,61.56164383561644,7.0,336.3676228576211,113143.17770688681,24.90625,107.4762646398613,7.0,11551.1474609375,4.333333333333333,3.366501646120693,5.0,11.333333333333334,257.07142857142856,10.0,718.1726279031998,515771.9234693878,0.0136986301369863,32,9
org/apache/tika/parser/mp3/Mp3ParserTest.java,0.8285714285714286,0.0,2.0352004364009284,4.14204081632653,1.0,0.0,1.0,0.0,0.9,0.30000000000000004,1.0,0.09000000000000001,2.1538461538461537,1.0,2.878197989826109,8.284023668639055,0.0,1,10
org/apache/tika/parser/mp3/MpegStream.java,701.7808219178082,625.0,862.4950624686996,743897.7327828861,860.6538461538462,722.5654584298757,671.0,522100.84171597636,329.2,306.1201724813313,339.5,93709.56,885.0952380952381,625.0,1126.3006832213782,1268553.2290249432,0.0821917808219178,26,10
org/apache/tika/parser/mp3/MpegStreamTest.java,6.642857142857143,3.0,13.766455830112882,189.51530612244898,3.5,0.5,3.5,0.25,56.0,0.0,56.0,0.0,2.5555555555555554,2.0,1.7069212773041351,2.9135802469135803,0.07142857142857142,2,1
org/apache/tika/parser/mp4/DirectFileReadDataSource.java,53.888888888888886,16.0,69.65780556795634,4852.209876543209,64.5,37.239092362730865,86.0,1386.75,28.666666666666668,40.54078878802872,0.0,1643.5555555555554,48.75,2.0,87.40673601044716,7639.9375,0.0,4,3
org/apache/tika/parser/mp4/MP4Parser.java,72.11538461538461,2.0,389.24367757555723,151510.64053254435,8.0,12.045368781855917,2.0,145.0909090909091,10.0,7.155417527999327,10.0,51.2,575.6666666666666,21.5,1012.7850490383216,1025733.5555555555,0.19230769230769232,22,5
org/apache/tika/parser/mp4/MP4ParserTest.java,0.3333333333333333,0.0,0.47140452079103173,0.2222222222222223,0.0,0.0,0.0,0.0,0.5,0.5,0.5,0.25,1.0,1.0,0.0,0.0,0.0,0,2
org/apache/tika/parser/netcdf/NetCDFParser.java,138.84615384615384,7.0,542.3053136881823,294095.05325443787,7.625,7.1752613192830825,5.0,51.484375,16.5,19.181153945127146,9.0,367.9166666666667,857.25,322.0,1140.5422778222646,1300836.6875,0.38461538461538464,8,6
org/apache/tika/parser/netcdf/NetCDFParserTest.java,0.5,0.5,0.5,0.25,0.0,0.0,0.0,0.0,1.0,0.0,1.0,0.0,1.0,1.0,0.0,0.0,0.0,0,1
org/apache/tika/parser/ocr/TesseractOCRConfig.java,117.575,63.0,440.74805090323434,194258.84437500004,69.9,65.34133454406943,63.5,4269.49,12.6,25.200000000000003,0.0,635.0400000000002,258.26666666666665,66.0,692.8311450530754,480014.9955555556,0.0,10,5
org/apache/tika/parser/ocr/TesseractOCRConfigTest.java,1.6666666666666667,1.0,1.4907119849998596,2.222222222222222,0.0,0.0,0.0,0.0,0,0,0,0,1.6666666666666667,1.0,1.4907119849998596,2.222222222222222,0.0,0,0
org/apache/tika/parser/ocr/TesseractOCRParser.java,266.2769230769231,0.0,804.3919922275231,647046.4771597636,490.2352941176471,1059.0299406650001,0.0,1121544.4152249137,278.2,834.6000000000001,0.0,696557.1600000003,560.875,0.0,1075.5604280443754,1156830.234375,0.0,17,10
org/apache/tika/parser/ocr/TesseractOCRParserTest.java,2.1666666666666665,1.0,2.8528737947706153,8.138888888888891,2.1666666666666665,1.2133516482134197,3.0,1.472222222222222,3.5,2.140872096444188,3.0,4.583333333333333,2.9,1.0,3.7,13.690000000000001,0.03333333333333333,6,6
org/apache/tika/parser/odf/NSNormalizerContentHandler.java,15443.625,7259.5,20638.124426879855,425932179.859375,20583.333333333332,24989.43692620722,6413.0,624471957.8888891,27992.0,0.0,27992.0,0.0,13796.666666666666,7259.5,19373.452227783826,375330651.22222215,0.0625,6,1
org/apache/tika/parser/odf/ODFParserTest.java,0.8205128205128205,0.0,1.7668136591745862,3.121630506245891,1.0,0.0,1.0,0.0,1.0,0.5773502691896257,1.0,0.3333333333333333,1.8461538461538463,1.0,2.655796384866472,7.053254437869823,0.05128205128205128,2,12
org/apache/tika/parser/odf/OpenDocumentContentParser.java,1904.5129533678758,97.0,3810.469848647118,14519680.46744879,2887.38,4521.429496917983,533.0,20443324.6956,212.0,349.7204597961063,55.5,122304.4,2880.96,169.0,5968.176186943546,35619126.9984,0.0,100,20
org/apache/tika/parser/odf/OpenDocumentMetaParser.java,131.85714285714286,29.0,190.58625986408254,36323.12244897959,10.75,10.54454835448157,5.0,111.1875,0,0,0,0,174.5,101.5,199.6991487212702,39879.75,0.07142857142857142,4,0
org/apache/tika/parser/odf/OpenDocumentParser.java,189.0487804878049,22.0,461.8717988750491,213325.5585960738,224.53333333333333,261.89231035336303,32.0,68587.58222222222,86.1,135.60932858767498,29.0,18389.89,455.3333333333333,6.0,863.5903092452011,745788.222222222,0.0975609756097561,15,10
org/apache/tika/parser/opendocument/OpenOfficeParser.java,2.0,2.0,0.0,0.0,0.0,0.0,0.0,0.0,0,0,0,0,2.0,2.0,0.0,0.0,0.0,0,0
org/apache/tika/parser/pdf/AccessChecker.java,97.54545454545455,11.0,196.25973682220373,38517.88429752067,52.75,68.51049189722696,17.0,4693.6875,0,0,0,0,430.5,430.5,259.5,67340.25,0.0,4,0
org/apache/tika/parser/pdf/AccessCheckerTest.java,1.6470588235294117,1.0,1.8452220166303674,3.40484429065744,0.0,0.0,0.0,0.0,1.0,0.0,1.0,0.0,2.5714285714285716,1.0,2.610809554642438,6.816326530612246,0.0,0,5
org/apache/tika/parser/pdf/PDF2XHTML.java,8234.75,77.5,14173.657350433585,200892562.6875,0.0,0.0,0.0,0.0,0,0,0,0,8234.75,77.5,14173.657350433585,200892562.6875,0.0,0,0
org/apache/tika/parser/pdf/PDFParserConfig.java,362.68333333333334,0.0,1032.110806255263,1065252.716388889,475.63157894736844,1540.4156380503734,0.0,2372880.3379501393,89.88235294117646,221.57215856981492,0.0,49094.2214532872,853.7586206896551,691.0,1323.1545288639836,1750737.9072532703,0.0,38,17
org/apache/tika/parser/pdf/PDFParserTest.java,2.0454545454545454,1.0,2.077526342186625,4.316115702479339,4.0,0.0,4.0,0.0,0,0,0,0,2.0,1.0,2.23606797749979,5.0,0.0,2,0
org/apache/tika/parser/pkg/AbstractPkgTest.java,16.5,19.0,13.732564703409679,188.58333333333334,0.0,0.0,0.0,0.0,0,0,0,0,16.5,19.0,13.732564703409679,188.58333333333334,0.0,0,0
org/apache/tika/parser/pkg/ArParserTest.java,0.6956521739130435,1.0,0.5465132647815886,0.2986767485822307,1.0,0.0,1.0,0.0,0.875,0.33071891388307384,1.0,0.109375,1.3333333333333333,1.0,0.4714045207910317,0.2222222222222222,0.0,4,8
org/apache/tika/parser/pkg/Bzip2ParserTest.java,0.5714285714285714,0.0,0.7284313590846835,0.5306122448979591,0.0,0.0,0.0,0.0,1.0,0.0,1.0,0.0,1.3333333333333333,1.0,0.4714045207910317,0.2222222222222222,0.0,0,2
org/apache/tika/parser/pkg/CompressorParser.java,90.58974358974359,2.0,447.8497755199478,200569.42143326762,3.5714285714285716,4.288094577086753,2.0,18.387755102040817,1.625,2.912795049432761,0.0,8.484375,493.14285714285717,8.0,959.1190047674597,919909.2653061224,0.0,14,8
org/apache/tika/parser/pkg/GzipParserTest.java,0.6,0.0,0.9165151389911679,0.8399999999999999,0.0,0.0,0.0,0.0,1.0,0.0,1.0,0.0,1.5,1.0,0.8660254037844386,0.75,0.0,0,3
org/apache/tika/parser/pkg/PackageParser.java,13.428571428571429,5.0,18.56923063916791,344.8163265306122,0.0,0.0,0.0,0.0,0,0,0,0,7.8,5.0,8.328265125462805,69.35999999999999,0.14285714285714285,0,0
org/apache/tika/parser/pkg/RarParser.java,126.78571428571429,2.0,524.1831984241808,274768.0255102041,7.6,8.522910301065007,2.0,72.64000000000001,9.5,8.52936105461599,10.0,72.75,854.0,315.0,1142.8086016477125,1306011.5,0.25,10,4
org/apache/tika/parser/pkg/RarParserTest.java,2.3125,1.0,3.254204011736203,10.58984375,1.0,0.0,1.0,0.0,5.8,3.9191835884530852,9.0,15.360000000000003,1.3333333333333333,1.0,0.4714045207910317,0.2222222222222222,0.1875,3,5
org/apache/tika/parser/pkg/Seven7ParserTest.java,0.9743589743589743,1.0,1.9675206249488078,3.8711374095989473,0.75,0.4330127018922193,1.0,0.1875,1.9230769230769231,3.0498811694767705,1.0,9.301775147928993,1.0,1.0,0.7071067811865476,0.5,0.05128205128205128,4,13
org/apache/tika/parser/pkg/TarParserTest.java,2.3125,1.0,3.254204011736203,10.58984375,1.0,0.0,1.0,0.0,5.8,3.9191835884530852,9.0,15.360000000000003,1.3333333333333333,1.0,0.4714045207910317,0.2222222222222222,0.1875,3,5
org/apache/tika/parser/pkg/ZipContainerDetector.java,5.0,5.0,0.0,0.0,0.0,0.0,0.0,0.0,0,0,0,0,5.0,5.0,0.0,0.0,0.0,0,0
org/apache/tika/parser/pkg/ZipParserTest.java,1.7586206896551724,1.0,2.6477729407520645,7.010701545778835,1.25,0.4330127018922193,1.0,0.1875,4.428571428571429,3.958973274443148,1.0,15.673469387755102,1.4,1.0,1.2806248474865698,1.6400000000000001,0.10344827586206896,4,7
org/apache/tika/parser/prt/PRTParser.java,2986.4555555555557,53.0,10955.484363916763,120022637.6480247,5309.054054054054,14796.192315055425,64.0,218927307.0241052,180.53333333333333,204.63426453607966,57.0,41875.182222222225,5665.176470588235,53.0,15357.076078301508,235839785.67474046,0.3333333333333333,37,15
org/apache/tika/parser/prt/PRTParserTest.java,0.5714285714285714,0.0,0.7284313590846835,0.5306122448979591,0.0,0.0,0.0,0.0,1.0,0.0,1.0,0.0,1.3333333333333333,1.0,0.4714045207910317,0.2222222222222222,0.0,0,2
org/apache/tika/parser/rtf/GroupState.java,6997.6,11024.0,5326.128560220829,28367645.439999998,11948.0,0.0,11948.0,0.0,924.0,0.0,924.0,0.0,68.0,68.0,0.0,0.0,0.8,1,1
org/apache/tika/parser/rtf/ListDescriptor.java,19.8,8.0,23.735205918634875,563.36,12.0,0.0,12.0,0.0,4.0,0.0,4.0,0.0,39.5,39.5,27.5,756.25,0.0,1,1
org/apache/tika/parser/rtf/RTFEmbObjHandler.java,1.0,0.5,1.224744871391589,1.5,0.0,0.0,0.0,0.0,0,0,0,0,1.0,0.5,1.224744871391589,1.5,0.0,0,0
org/apache/tika/parser/rtf/RTFParser.java,453.375,37.0,904.6249136382438,818346.234375,0.0,0.0,0.0,0.0,68.0,0.0,68.0,0.0,604.5,98.0,999.8866185723259,999773.25,0.0,0,1
org/apache/tika/parser/rtf/RTFParserTest.java,2.4390243902439024,1.0,5.392174910710687,29.075550267697803,2.272727272727273,5.010732283462061,1.0,25.10743801652892,3.2941176470588234,5.570560283177278,1.0,31.031141868512115,2.675675675675676,1.0,5.770634205878673,33.30021913805698,0.13414634146341464,11,17
org/apache/tika/parser/rtf/TextExtractor.java,68738.38305084746,92.0,351031.4444298799,123223074978.52786,106431.77777777778,449537.78120406566,987.0,202084216729.8744,17211.736,124797.32389875315,34.0,15574372052.290306,243990.41666666666,2181.5,663901.191289553,440764791795.6876,0.03389830508474576,315,125
org/apache/tika/parser/solidworks/SolidworksParserTest.java,0.631578947368421,0.0,1.3459696686888865,1.8116343490304705,0.0,0.0,0.0,0.0,1.0,0.0,1.0,0.0,1.7142857142857142,1.0,1.7496355305594131,3.061224489795919,0.0,0,6
org/apache/tika/parser/strings/FileConfig.java,0.8,1.0,0.7483314773547883,0.56,0.0,0.0,0.0,0.0,0,0,0,0,0.8,1.0,0.7483314773547883,0.56,0.0,0,0
org/apache/tika/parser/strings/FileConfigTest.java,1.0,1.0,0.0,0.0,0.0,0.0,0.0,0.0,0,0,0,0,1.0,1.0,0.0,0.0,0.0,0,0
org/apache/tika/parser/strings/Latin1StringsParser.java,32.15277777777778,1.0,69.42455131736384,4819.768325617285,45.4,69.77113607052296,3.0,4868.011428571429,17.727272727272727,45.529392921877516,1.0,2072.9256198347107,33.0,1.0,102.14339296926026,10433.272727272728,0.4166666666666667,35,11
org/apache/tika/parser/strings/Latin1StringsParserTest.java,0.5,0.5,0.5,0.25,0.0,0.0,0.0,0.0,1.0,0.0,1.0,0.0,1.0,1.0,0.0,0.0,0.0,0,1
org/apache/tika/parser/strings/StringsConfig.java,1.9333333333333333,2.0,1.9310331143946984,3.7288888888888887,2.0,1.8027756377319946,2.0,3.25,0.4,0.8000000000000002,0.0,0.6400000000000002,4.0,4.5,1.5491933384829668,2.4,0.0,8,5
org/apache/tika/parser/strings/StringsConfigTest.java,1.6,1.0,1.2000000000000002,1.4400000000000002,0.0,0.0,0.0,0.0,0,0,0,0,1.6,1.0,1.2000000000000002,1.4400000000000002,0.0,0,0
org/apache/tika/parser/strings/StringsEncoding.java,2.0,1.5,1.9148542155126762,3.6666666666666665,0.0,0.0,0.0,0.0,0,0,0,0,2.0,1.5,1.9148542155126762,3.6666666666666665,0.0,0,0
org/apache/tika/parser/strings/StringsParser.java,0.06382978723404255,0.0,0.2444494743207672,0.05975554549569941,0.1,0.30000000000000004,0.0,0.09000000000000001,0.125,0.33071891388307384,0.0,0.109375,0.15384615384615385,0.0,0.36080121229410994,0.13017751479289938,0.0,10,8
org/apache/tika/parser/strings/StringsParserTest.java,0.3333333333333333,0.0,0.4714045207910317,0.2222222222222222,0.0,0.0,0.0,0.0,0.3333333333333333,0.4714045207910317,0.0,0.22222222222222224,1.0,1.0,0.0,0.0,0.0,1,3
org/apache/tika/parser/txt/CharsetDetector.java,30785.95,9.0,109937.94842647601,12086352504.2225,33378.53125,103559.2324028815,22.5,10724514615.874023,115365.77777777778,215534.76958681055,36.0,46455236900.839516,9.142857142857142,2.5,15.273025441033255,233.26530612244906,0.225,32,9
org/apache/tika/parser/txt/CharsetDetectorTest.java,3.1875,1.0,6.948189962141219,48.27734375,11.25,10.256095748383007,11.0,105.1875,0.75,0.4330127018922193,1.0,0.1875,1.3333333333333333,1.0,0.4714045207910317,0.2222222222222222,0.125,4,4
org/apache/tika/parser/txt/CharsetMatch.java,44.4054054054054,0.0,94.59399999813127,8948.024835646458,70.7,119.52828117228157,0.0,14287.01,20.5,35.50704155516198,0.0,1260.75,70.16666666666667,1.0,124.02811061296636,15382.972222222219,0.0,10,4
org/apache/tika/parser/txt/CharsetRecog_2022.java,7383.916666666667,0.0,30429.02595236532,925925620.409722,24156.545454545456,51236.700944757155,0.0,2625199523.702479,0.0,0.0,0.0,0.0,6.2727272727272725,1.0,8.432522636585622,71.10743801652893,0.05555555555555555,11,6
org/apache/tika/parser/txt/CharsetRecog_UTF8.java,1750.1333333333334,3.0,6905.031304458768,47679457.31555556,1709.875,6854.8105572686445,5.0,46988427.776041664,2693.0714285714284,8383.579507110362,3.5,70284405.35204081,7.0,10.0,4.242640687119285,18.0,0.2222222222222222,24,14
org/apache/tika/parser/txt/CharsetRecog_Unicode.java,1182.1666666666667,0.0,4378.634349716646,19172438.768518515,1655.32,5623.95939331002,0.0,31628919.2576,0.0,0.0,0.0,0.0,1605.9285714285713,1.5,3922.8905608034515,15389070.352040818,0.037037037037037035,25,6
org/apache/tika/parser/txt/CharsetRecog_mbcs.java,13258.08064516129,10.5,39303.462444863384,1544762160.1547863,18786.053571428572,44441.63744307955,1988.5,1975059138.62213,22907.29411764706,45088.25586070672,24.0,2032950816.5605536,11087.714285714286,1.0,35665.576925955145,1272033377.4612243,0.07258064516129033,56,17
org/apache/tika/parser/txt/CharsetRecog_sbcs.java,96924.46692607003,1.0,312323.4783223968,97545955111.40068,458112.5,595891.1548065008,286892.0,355086268376.625,170291.6923076923,300246.7853448315,1050.0,90148132109.90533,27241.260869565216,1.0,194082.55271428957,37668037268.09499,0.08949416342412451,32,13
org/apache/tika/parser/txt/CharsetRecognizer.java,23.5,23.5,23.5,552.25,0.0,0.0,0.0,0.0,0,0,0,0,23.5,23.5,23.5,552.25,0.0,0,0
org/apache/tika/parser/txt/Icu4jEncodingDetector.java,2282.5333333333333,1.0,8531.90571026713,72793415.04888888,3.4285714285714284,2.5555062599997598,4.0,6.530612244897959,0.0,0.0,0.0,0.0,17106.0,17106.0,17100.0,292410000.0,0.0,7,1
org/apache/tika/parser/txt/TXTParser.java,516.1111111111111,227.0,829.8854598938397,688709.8765432097,227.0,0.0,227.0,0.0,380.0,156.0,380.0,24336.0,913.0,431.5,1103.6790747314185,1218107.5,0.1111111111111111,1,2
org/apache/tika/parser/txt/TXTParserTest.java,3.2666666666666666,1.0,5.359933664597808,28.72888888888889,0.0,0.0,0.0,0.0,0,0,0,0,3.2666666666666666,1.0,5.359933664597808,28.72888888888889,0.0,0,0
org/apache/tika/parser/txt/UniversalEncodingDetector.java,3407.6363636363635,306.0,9744.206672990389,94949563.68595041,547.0,241.01659693888303,545.0,58089.0,777.0,0.0,777.0,0.0,17256.0,17256.0,16950.0,287302500.0,0.2727272727272727,4,1
org/apache/tika/parser/txt/UniversalEncodingListener.java,254.1904761904762,247.0,198.31039140163202,39327.011337868484,259.875,42.80022634285945,259.5,1831.859375,70.0,73.60706487831179,37.0,5418.0,494.6,306.0,233.45714810217314,54502.240000000005,0.0,8,3
org/apache/tika/parser/video/FLVParser.java,1182.886075949367,1.0,9983.377801565633,99667832.32879347,9.958333333333334,21.198425976682536,1.0,449.3732638888889,5259.882352941177,21012.285086929372,1.0,441516124.5743945,309.25,9.0,765.380964509396,585808.0208333334,0.1518987341772152,24,17
org/apache/tika/parser/video/FLVParserTest.java,1.0,1.0,0.0,0.0,0.0,0.0,0.0,0.0,0,0,0,0,1.0,1.0,0.0,0.0,0.0,0,0
org/apache/tika/parser/xml/AbstractMetadataHandler.java,236.6818181818182,6.0,394.59304541210975,155703.6714876033,232.63636363636363,373.7780753157906,6.0,139710.04958677685,110.66666666666667,242.1064963101064,3.0,58615.55555555556,523.0,523.0,320.0,102400.0,0.045454545454545456,11,6
org/apache/tika/parser/xml/AttributeDependantMetadataHandler.java,50.1764705882353,29.0,47.423294467292,2248.968858131488,72.57142857142857,43.42105198060085,100.0,1885.387755102041,0.0,0.0,0.0,0.0,67.4,100.0,40.47517757836276,1638.2399999999998,0.0,7,1
org/apache/tika/parser/xml/AttributeMetadataHandler.java,522.7777777777778,581.0,121.87951954266401,14854.617283950618,581.0,0.0,581.0,0.0,581.0,0.0,581.0,0.0,392.0,392.0,189.0,35721.0,0.1111111111111111,3,1
org/apache/tika/parser/xml/DcXMLParser.java,643.3333333333334,624.0,490.90483350192795,240987.5555555556,0.0,0.0,0.0,0.0,0,0,0,0,643.3333333333334,624.0,490.90483350192795,240987.5555555556,0.0,0,0
org/apache/tika/parser/xml/DcXMLParserTest.java,0.75,0.5,0.9682458365518543,0.9375,0.0,0.0,0.0,0.0,1.0,0.0,1.0,0.0,1.5,1.0,0.8660254037844386,0.75,0.0,0,2
org/apache/tika/parser/xml/ElementMetadataHandler.java,2678.9718309859154,157.0,6399.651790641427,40955543.04146003,3330.184210526316,6691.869480965464,281.0,44781117.150276996,334.6666666666667,344.0981772046396,156.0,118403.55555555556,10134.444444444445,12668.0,10002.377040940608,100047546.46913579,0.028169014084507043,38,3
org/apache/tika/parser/xml/EmptyAndDuplicateElementsXMLParserTest.java,1.25,1.5,0.82915619758885,0.6875,0.0,0.0,0.0,0.0,1.0,0.0,1.0,0.0,1.6363636363636365,2.0,0.4810456929208347,0.23140495867768598,0.0625,0,2
org/apache/tika/parser/xml/FictionBookParser.java,182.4,4.0,315.7494365262853,99697.70666666668,594.0,223.44574285494903,436.0,49928.0,445.0,441.0,445.0,194481.0,297.6666666666667,219.0,335.82419342401295,112777.88888888888,0.0,3,2
org/apache/tika/parser/xml/FictionBookParserTest.java,0.5714285714285714,0.0,0.7284313590846835,0.5306122448979591,0.0,0.0,0.0,0.0,1.0,0.0,1.0,0.0,1.3333333333333333,1.0,0.4714045207910317,0.2222222222222222,0.0,0,2
org/apache/tika/parser/xml/MetadataHandler.java,83.25,141.0,70.14939415276514,4920.9375,88.6,64.17663126091927,141.0,4118.64,70.5,70.5,70.5,4970.25,112.8,141.0,56.4,3180.96,0.0625,5,2
org/apache/tika/parser/xml/XMLParser.java,550.1,9.0,1052.5801109654315,1107924.8900000001,85.0,0.0,85.0,0.0,7.0,0.0,7.0,0.0,1095.2,85.0,1273.4060467894753,1621562.9599999997,0.0,1,1
org/apache/tika/sax/BasicContentHandlerFactory.java,40.04545454545455,8.0,68.30511578919405,4665.588842975207,131.0,97.68111383476337,172.0,9541.6,1.5,2.598076211353316,0.0,6.75,47.857142857142854,6.0,76.97203308703115,5924.693877551019,0.0,5,4
org/apache/tika/sax/BasicContentHandlerFactoryTest.java,21181.78431372549,1.0,149755.06451697348,22426579348.48289,2.090909090909091,3.3966439440489826,1.0,11.537190082644628,98193.27272727272,310509.3330847622,1.0,96416045932.7438,6.923076923076923,1.0,7.965903671384381,63.45562130177515,0.0196078431372549,11,11
org/apache/tika/sax/BodyContentHandler.java,6011.833333333333,80.5,13165.674263232992,173334978.80555555,0.0,0.0,0.0,0.0,0,0,0,0,17727.0,17727.0,17722.0,314069284.0,0.0,0,0
org/apache/tika/sax/BodyContentHandlerTest.java,1.0,1.0,0.0,0.0,0.0,0.0,0.0,0.0,0,0,0,0,1.0,1.0,0.0,0.0,0.0,0,0
org/apache/tika/sax/CleanPhoneText.java,14.210526315789474,7.0,44.37469519227374,1969.113573407202,3.8333333333333335,3.1841621957571338,4.0,10.138888888888891,54.0,85.4956139225867,7.0,7309.5,0.75,1.0,0.4330127018922193,0.1875,0.5263157894736842,6,4
org/apache/tika/sax/ContentHandlerDecorator.java,2326880.782608696,0.5,8506048.014808299,72352852830224.22,72712.6,89051.66885713035,7.0,7930199726.240001,9652697.818181818,15232075.056398567,292993.0,232016110523759.4,6667070.3125,129083.5,13383827.260064181,179126832127237.06,0.0,5,11
org/apache/tika/sax/ElementMappingContentHandler.java,1601.2272727272727,1714.5,1881.1926084708307,3538885.630165288,3873.0,2035.1262368708237,3454.0,4141738.8,16.0,0.0,16.0,0.0,2656.5,2578.5,2453.619927780177,6020250.75,0.0,5,1
org/apache/tika/sax/EmbeddedContentHandler.java,34655.333333333336,34380.0,403.60486727601403,162896.8888888889,0.0,0.0,0.0,0.0,0,0,0,0,34655.333333333336,34380.0,403.60486727601403,162896.8888888889,0.0,0,0
org/apache/tika/sax/EndDocumentShieldingContentHandler.java,39.0,29.0,17.320508075688775,300.0,0.0,0.0,0.0,0.0,0,0,0,0,39.0,29.0,17.320508075688775,300.0,0.0,0,0
org/apache/tika/sax/ExpandedTitleContentHandler.java,26.235294117647058,5.0,52.881142432000225,2796.415224913495,63.5,75.67198953377662,15.5,5726.25,5.0,0.0,5.0,0.0,74.6,26.0,78.35713113686592,6139.840000000001,0.058823529411764705,6,2
org/apache/tika/sax/Link.java,0.32,0.0,1.085172797300043,1.1776,0.0,0.0,0.0,0.0,0.0,0.0,0.0,0.0,0.4444444444444444,0.0,1.2570787221094177,1.5802469135802468,0.04,9,1
org/apache/tika/sax/LinkBuilder.java,2.888888888888889,4.0,1.882341594010824,3.5432098765432096,4.0,0.0,4.0,0.0,0.0,0.0,0.0,0.0,3.6666666666666665,4.0,1.7950549357115013,3.222222222222222,0.16666666666666666,4,3
org/apache/tika/sax/LinkContentHandler.java,11.95,12.0,9.718410363840373,94.44749999999999,18.5,7.262919523166975,22.0,52.75,5.0,1.0,5.0,1.0,15.5,20.0,8.674675786448736,75.25,0.05,8,2
org/apache/tika/sax/LinkContentHandlerTest.java,1.3333333333333333,1.0,0.4714045207910317,0.2222222222222222,0.0,0.0,0.0,0.0,0,0,0,0,1.3333333333333333,1.0,0.4714045207910317,0.2222222222222222,0.0,0,0
org/apache/tika/sax/OfflineContentHandler.java,283.0,283.0,214.0,45796.0,0.0,0.0,0.0,0.0,0,0,0,0,283.0,283.0,214.0,45796.0,0.0,0,0
org/apache/tika/sax/OfflineContentHandlerTest.java,0.75,0.5,0.82915619758885,0.6875,0.0,0.0,0.0,0.0,1.0,0.0,1.0,0.0,1.5,1.5,0.5,0.25,0.0,0,2
org/apache/tika/sax/PhoneExtractingContentHandler.java,3.111111111111111,1.0,5.32174667325691,28.320987654320987,1.0,0.0,1.0,0.0,12.0,5.0,12.0,25.0,6.333333333333333,1.0,7.542472332656507,56.88888888888889,0.1111111111111111,1,2
org/apache/tika/sax/PhoneExtractingContentHandlerTest.java,0.5,0.5,0.5,0.25,0.0,0.0,0.0,0.0,1.0,0.0,1.0,0.0,1.0,1.0,0.0,0.0,0.0,0,1
org/apache/tika/sax/SafeContentHandler.java,16821237.71875,5343.5,40004304.26889438,1600344360038281.0,33649844.315789476,54269553.06433748,3098826.0,2945184389802941.0,4136176.3333333335,11698798.38067841,4.0,136861883551763.78,3536123.5,1271913.5,4522052.388266676,20448957802228.35,0.234375,19,9
org/apache/tika/sax/SafeContentHandlerTest.java,2.25,1.0,2.165063509461097,4.6875,0.0,0.0,0.0,0.0,0,0,0,0,2.25,1.0,2.165063509461097,4.6875,0.0,0,0
org/apache/tika/sax/SecureContentHandler.java,634040.8461538461,15.0,1458505.0340580572,2127236934372.6948,1046372.6666666666,1785829.692665771,65250.5,3189187691206.7227,4.0,0.0,4.0,0.0,786592.1666666666,12.5,1697259.9620733233,2880691378857.139,0.0,12,1
org/apache/tika/sax/SecureContentHandlerTest.java,115601.11538461539,1.0,466269.83175763616,217407556007.2943,1.0,0.0,1.0,0.0,375701.0,780291.659392259,5.0,608855073717.125,2.4,1.0,2.8,7.839999999999998,0.15384615384615385,8,16
org/apache/tika/sax/SerializerTest.java,2.6153846153846154,3.0,0.9230769230769229,0.8520710059171595,0.0,0.0,0.0,0.0,0,0,0,0,2.6153846153846154,3.0,0.9230769230769229,0.8520710059171595,0.0,0,0
org/apache/tika/sax/TaggedContentHandler.java,232.08333333333334,0.0,735.1839291784214,540495.4097222221,15.75,16.223054582907622,13.0,263.1875,0.0,0.0,0.0,0.0,683.25,31.5,1147.1293246622197,1315905.6875,0.0,4,1
org/apache/tika/sax/TaggedSAXException.java,19.5,26.0,11.258330249197702,126.75,0.0,0.0,0.0,0.0,0,0,0,0,26.0,26.0,0.0,0.0,0.0,0,0
org/apache/tika/sax/TeeContentHandler.java,6129.844444444445,983.0,9309.923873553318,86674682.53135803,4259.090909090909,5169.782577713152,983.0,26726651.900826443,12207.09090909091,14986.256361046553,2801.0,224587879.71900827,3988.75,999.0,5030.244247300522,25303357.1875,0.2,11,11
org/apache/tika/sax/TextContentHandler.java,415634.8333333333,17526.5,1326358.2178962713,1759226122180.9724,1082.0,0.0,1082.0,0.0,0,0,0,0,550155.5555555555,33971.0,1507703.8836953442,2273171000910.024,0.08333333333333333,1,0
org/apache/tika/sax/ToHTMLContentHandler.java,268.125,55.0,317.4911170017202,100800.609375,727.0,144.0,727.0,20736.0,0,0,0,0,232.0,26.5,369.3541660791171,136422.5,0.125,2,0
org/apache/tika/sax/ToTextContentHandler.java,940952.75,148.0,2354457.0886794734,5543468182433.0205,0.0,0.0,0.0,0.0,4118309.5,4117415.5,4118309.5,16953110399640.25,2258227.4,991.0,3213980.9610709646,10329673618126.64,0.0,0,2
org/apache/tika/sax/ToXMLContentHandler.java,110511.4262295082,6883.0,337382.4957903418,113826948465.72,302695.8,538464.6668790441,12885.5,289944197477.16003,13279.5,33430.78143941598,156.0,1117617147.65,36449.42857142857,9444.0,43779.748739268354,1916666399.673469,0.13114754098360656,20,10
org/apache/tika/sax/WriteOutContentHandler.java,338345.0,12.0,1121360.2686883463,1257448852192.8,1178242.857142857,1872941.3712296365,63545.0,3507909380063.5513,69435.33333333333,59245.47812468242,63544.0,3510026678.222223,1340018.6666666667,360.5,1977972.957964935,3912377022440.5547,0.0,7,3
org/apache/tika/sax/XHTMLContentHandler.java,1249041.7258064516,184211.0,2633226.511732782,6933881862092.394,2157043.8260869565,3523936.4525343166,500760.0,12418128121500.145,66987.625,87032.44941965252,34369.5,7574647251.984375,3098594.8666666667,500760.0,4584729.772913613,21019747090640.51,0.08064516129032258,23,8
org/apache/tika/sax/XHTMLContentHandlerTest.java,1.9166666666666667,1.5,1.114924013354971,1.2430555555555556,2.0,1.0,2.0,1.0,2.0,0.0,2.0,0.0,1.8571428571428572,1.0,1.3552618543578767,1.8367346938775508,0.3333333333333333,2,1
org/apache/tika/sax/XMPContentHandler.java,0.0,0.0,0.0,0.0,0.0,0.0,0.0,0.0,0.0,0.0,0.0,0.0,0.0,0.0,0.0,0.0,0.0,4,1
org/apache/tika/sax/xpath/AttributeMatcher.java,1.6666666666666667,1.0,0.9428090415820634,0.888888888888889,0.0,0.0,0.0,0.0,0,0,0,0,1.6666666666666667,1.0,0.9428090415820634,0.888888888888889,0.0,0,0
org/apache/tika/sax/xpath/ChildMatcher.java,702628.0,702628.0,701562.0,492189239844.0,0.0,0.0,0.0,0.0,0,0,0,0,702628.0,702628.0,701562.0,492189239844.0,0.0,0,0
org/apache/tika/sax/xpath/CompositeMatcher.java,470355.4583333333,2779.0,1665586.8991497906,2774179718619.415,977998.3,2460395.946361197,6114.5,6053548212870.61,276.6666666666667,292.30615609132985,149.0,85442.88888888889,1937685.8,79127.0,3203778.305444395,10264195430436.16,0.0,10,3
org/apache/tika/sax/xpath/ElementMatcher.java,370.3333333333333,2.0,520.9019954740901,271338.88888888893,0.0,0.0,0.0,0.0,0,0,0,0,370.3333333333333,2.0,520.9019954740901,271338.88888888893,0.0,0,0
org/apache/tika/sax/xpath/Matcher.java,766995.1666666666,428944.0,1009023.547895756,1018128520208.139,0.0,0.0,0.0,0.0,0,0,0,0,766995.1666666666,428944.0,1009023.547895756,1018128520208.139,0.0,0,0
org/apache/tika/sax/xpath/MatchingContentHandler.java,2839964.6153846155,2561884.0,3001887.333223782,9011327561369.389,2861768.6,2798926.781545248,2561884.0,7833991128451.24,1937177.0,0.0,1937177.0,0.0,3032759.4285714286,3051088.0,3355389.2993750838,11258637350360.816,0.038461538461538464,10,1
org/apache/tika/sax/xpath/NamedAttributeMatcher.java,2121.0833333333335,2121.0,1921.7637497159274,3693175.9097222215,3183.5,1836.8402897366989,4243.5,3373982.25,228.33333333333334,321.4978831794836,1.0,103360.88888888888,3053.0,4245.0,1685.7425663487293,2841728.0,0.0,4,3
org/apache/tika/sax/xpath/NamedElementMatcher.java,53397.09090909091,43536.0,53286.81864888359,2839485041.7190084,88177.0,50942.059656044534,116800.0,2595093442.0,1.5,0.5,1.5,0.25,79756.33333333333,119105.0,55647.41806129813,3096635136.888889,0.0,4,2
org/apache/tika/sax/xpath/NodeMatcher.java,3293864.2,1936495.0,3357637.433578462,11273729135367.361,0.0,0.0,0.0,0.0,0,0,0,0,3293864.2,1936495.0,3357637.433578462,11273729135367.361,0.0,0,0
org/apache/tika/sax/xpath/SubtreeMatcher.java,2236290.875,685400.5,3022858.289782141,9137672240104.61,685323.0,684225.0,685323.0,468163850625.0,0,0,0,0,3577626.2,1947346.0,3134080.547652303,9822460879172.559,0.0,2,0
org/apache/tika/sax/xpath/TextMatcher.java,2754304.6666666665,5.0,3895167.943439695,15172333307600.225,0.0,0.0,0.0,0.0,0,0,0,0,2754304.6666666665,5.0,3895167.943439695,15172333307600.225,0.0,0,0
org/apache/tika/sax/xpath/XPathParser.java,1049.3428571428572,668.0,1208.9982616756295,1461676.7967346937,1963.875,1204.0190963498046,2306.0,1449661.984375,0,0,0,0,1132.3333333333333,26.0,1578.0456971273748,2490228.2222222225,0.02857142857142857,16,0
org/apache/tika/sax/xpath/XPathParserTest.java,2.3333333333333335,1.0,2.494438257849294,6.222222222222221,0.0,0.0,0.0,0.0,0,0,0,0,2.3333333333333335,1.0,2.494438257849294,6.222222222222221,0.0,0,0
org/apache/tika/utils/CharsetUtils.java,3460.48,2.0,10247.763953643744,105016666.04960003,8586.9375,14785.831653430718,72.5,218620817.68359375,134.66666666666666,325.65080138768957,1.0,106048.44444444445,11371.833333333334,12.0,16072.331198021302,258319830.13888884,0.08,16,9
org/apache/tika/utils/CharsetUtilsTest.java,1.6,1.0,1.2000000000000002,1.4400000000000002,0.0,0.0,0.0,0.0,0,0,0,0,1.6,1.0,1.2000000000000002,1.4400000000000002,0.0,0,0
org/apache/tika/utils/DateUtils.java,522.6666666666666,6.0,734.5721354790298,539596.2222222222,0.0,0.0,0.0,0.0,0,0,0,0,626.6,9.0,763.349618458017,582702.64,0.0,0,0
org/apache/tika/utils/RegexUtils.java,2.7777777777777777,3.0,1.6850834320114558,2.8395061728395063,4.0,0.816496580927726,4.0,0.6666666666666666,5.0,0.0,5.0,0.0,2.0,1.0,2.160246899469287,4.666666666666667,0.0,3,1
org/apache/tika/utils/RegexUtilsTest.java,0.8,1.0,0.8717797887081348,0.7600000000000001,1.0,0.0,1.0,0.0,1.0,0.0,1.0,0.0,1.5,1.0,0.8660254037844386,0.75,0.0,2,2
org/apache/tika/utils/RereadableInputStream.java,5.0,4.0,3.6666666666666665,13.444444444444445,6.428571428571429,4.41934522807372,5.5,19.530612244897956,2.3333333333333335,1.699673171197595,2.0,2.888888888888889,8.285714285714286,6.0,4.589250972631146,21.061224489795922,0.0,14,6
